lot_id,jour,heure,temperature_C,humidite_sol_pct,luminosite_lux,humidite_air_pct,chances_pousse_pct
1,1,0,24.82,70.3,1.6,36.3,81.47
1,1,1,26.39,67.76,0.0,36.41,81.47
1,1,2,26.45,69.77,5.1,41.01,81.47
1,1,3,26.67,68.1,0.0,42.34,81.47
1,1,4,26.27,67.92,0.0,40.84,81.47
1,1,5,25.09,68.87,0.0,41.5,81.47
1,1,6,23.73,70.51,5.6,42.21,81.47
1,1,7,23.32,70.2,408.1,37.25,81.47
1,1,8,22.35,68.07,651.8,37.27,81.47
1,1,9,20.16,69.08,1139.3,38.71,81.47
1,1,10,20.01,70.01,1382.3,35.15,81.47
1,1,11,17.82,70.52,1626.9,34.18,81.47
1,1,12,18.4,67.53,1828.8,34.03,81.47
1,1,13,16.81,68.76,1794.9,33.74,81.47
1,1,14,17.91,69.38,1813.2,30.38,81.47
1,1,15,17.13,68.78,1101.3,32.82,81.47
1,1,16,18.26,68.9,856.2,28.84,81.47
1,1,17,18.17,69.99,587.6,30.62,81.47
1,1,18,19.81,70.61,393.4,32.23,81.47
1,1,19,21.41,69.14,0.0,33.56,81.47
1,1,20,21.84,68.32,2.5,33.15,81.47
1,1,21,21.88,69.39,0.0,34.36,81.47
1,1,22,24.59,68.62,0.4,33.05,81.47
1,1,23,24.89,70.98,0.0,34.87,81.47
1,2,0,29.1,66.04,2.3,40.85,96.06
1,2,1,29.99,66.43,2.8,38.66,96.06
1,2,2,30.05,71.08,0.0,40.7,96.06
1,2,3,29.64,67.04,0.0,42.16,96.06
1,2,4,28.58,68.5,0.0,44.55,96.06
1,2,5,27.96,67.31,1.6,40.21,96.06
1,2,6,27.47,69.75,0.0,41.83,96.06
1,2,7,26.33,68.96,388.0,38.78,96.06
1,2,8,25.22,68.24,792.3,40.24,96.06
1,2,9,23.37,68.14,1113.8,37.45,96.06
1,2,10,23.49,68.5,1295.7,38.21,96.06
1,2,11,21.07,68.97,1744.5,34.7,96.06
1,2,12,21.28,68.41,1827.7,37.57,96.06
1,2,13,20.19,66.66,1631.1,32.46,96.06
1,2,14,20.11,68.3,1541.0,34.13,96.06
1,2,15,20.32,69.97,1202.9,36.47,96.06
1,2,16,21.11,66.5,809.1,32.95,96.06
1,2,17,21.45,68.86,647.9,32.28,96.06
1,2,18,22.13,65.52,331.5,34.18,96.06
1,2,19,23.82,65.92,0.3,34.27,96.06
1,2,20,24.51,68.02,0.1,33.01,96.06
1,2,21,26.38,68.63,2.2,37.51,96.06
1,2,22,26.67,66.38,1.0,37.99,96.06
1,2,23,28.61,73.57,1.1,40.22,96.06
1,3,0,26.91,65.77,0.0,36.04,83.62
1,3,1,26.41,67.59,0.0,38.0,83.62
1,3,2,27.02,66.55,3.1,38.87,83.62
1,3,3,27.58,65.14,4.8,41.94,83.62
1,3,4,27.51,68.29,0.0,40.01,83.62
1,3,5,26.59,66.11,0.0,36.67,83.62
1,3,6,24.68,69.54,0.0,38.2,83.62
1,3,7,24.07,64.63,580.0,39.78,83.62
1,3,8,22.86,69.53,653.5,39.61,83.62
1,3,9,21.06,65.13,1067.2,38.45,83.62
1,3,10,20.26,65.65,1286.6,34.19,83.62
1,3,11,18.27,65.1,1778.3,35.03,83.62
1,3,12,18.44,66.35,1760.5,35.37,83.62
1,3,13,18.23,68.42,1691.5,30.9,83.62
1,3,14,18.19,67.24,1349.7,31.93,83.62
1,3,15,17.72,70.22,1286.5,29.62,83.62
1,3,16,18.73,66.89,860.5,29.65,83.62
1,3,17,19.71,66.35,551.6,28.98,83.62
1,3,18,20.74,69.23,402.7,30.89,83.62
1,3,19,21.11,68.37,1.1,29.74,83.62
1,3,20,21.77,65.22,0.0,33.59,83.62
1,3,21,24.69,66.39,0.0,33.44,83.62
1,3,22,25.07,68.45,0.0,35.77,83.62
1,3,23,25.94,68.33,0.0,34.72,83.62
1,4,0,26.74,64.22,2.3,39.03,100.0
1,4,1,28.04,66.98,0.0,37.54,100.0
1,4,2,27.93,65.03,2.0,39.46,100.0
1,4,3,27.31,65.56,0.8,39.33,100.0
1,4,4,26.83,66.41,0.5,39.59,100.0
1,4,5,26.25,66.39,0.0,38.06,100.0
1,4,6,25.13,65.72,0.6,41.89,100.0
1,4,7,24.76,65.8,495.2,37.38,100.0
1,4,8,23.08,65.61,798.6,36.61,100.0
1,4,9,22.1,68.34,1078.5,37.24,100.0
1,4,10,21.03,65.44,1420.2,35.37,100.0
1,4,11,19.74,64.88,1644.7,34.8,100.0
1,4,12,19.65,67.48,1944.8,31.7,100.0
1,4,13,18.88,66.32,1901.9,30.6,100.0
1,4,14,17.86,65.14,1329.8,30.23,100.0
1,4,15,18.07,66.27,1256.2,33.33,100.0
1,4,16,19.4,65.18,824.2,31.08,100.0
1,4,17,19.03,68.79,710.0,29.81,100.0
1,4,18,19.83,68.07,360.7,32.87,100.0
1,4,19,21.05,65.14,0.0,31.88,100.0
1,4,20,22.86,66.98,0.0,32.63,100.0
1,4,21,24.39,66.81,1.4,32.37,100.0
1,4,22,24.72,67.96,0.7,34.22,100.0
1,4,23,27.26,66.21,2.4,36.74,100.0
1,5,0,27.56,68.21,0.0,36.73,88.67
1,5,1,26.43,69.06,1.8,38.07,88.67
1,5,2,27.56,63.63,0.0,41.07,88.67
1,5,3,27.79,67.39,0.0,40.76,88.67
1,5,4,26.68,64.39,0.0,40.34,88.67
1,5,5,26.61,64.73,0.0,39.46,88.67
1,5,6,24.51,67.62,1.5,38.63,88.67
1,5,7,24.93,66.41,457.5,37.56,88.67
1,5,8,22.25,66.05,644.1,36.95,88.67
1,5,9,21.44,63.47,1079.1,36.1,88.67
1,5,10,20.51,68.7,1475.4,33.81,88.67
1,5,11,18.89,67.76,1594.4,31.6,88.67
1,5,12,19.68,66.42,1700.3,28.95,88.67
1,5,13,18.44,65.41,1711.8,32.66,88.67
1,5,14,17.37,67.01,1650.6,26.72,88.67
1,5,15,17.61,65.53,1209.7,29.84,88.67
1,5,16,17.97,65.91,835.2,29.21,88.67
1,5,17,19.37,68.26,699.1,30.89,88.67
1,5,18,19.82,66.88,579.7,31.93,88.67
1,5,19,21.19,69.26,0.0,30.2,88.67
1,5,20,23.35,64.93,0.0,33.65,88.67
1,5,21,23.91,67.08,0.0,33.09,88.67
1,5,22,24.83,65.95,0.0,34.12,88.67
1,5,23,25.64,66.07,0.0,37.06,88.67
1,6,0,25.99,63.74,0.2,39.7,88.01
1,6,1,25.39,66.02,0.0,40.46,88.01
1,6,2,26.0,62.5,0.0,40.47,88.01
1,6,3,26.35,63.85,1.3,38.41,88.01
1,6,4,25.71,63.39,0.0,41.14,88.01
1,6,5,24.55,64.63,2.0,40.03,88.01
1,6,6,24.4,63.51,1.1,42.56,88.01
1,6,7,21.59,64.01,547.6,39.3,88.01
1,6,8,21.77,64.3,777.9,38.34,88.01
1,6,9,20.92,65.59,1117.8,36.75,88.01
1,6,10,18.94,64.56,1435.2,35.44,88.01
1,6,11,18.33,68.32,1719.2,34.29,88.01
1,6,12,18.02,64.6,1576.1,32.06,88.01
1,6,13,16.01,64.68,1710.9,35.05,88.01
1,6,14,16.94,64.88,1589.6,28.42,88.01
1,6,15,17.06,66.36,1096.1,32.96,88.01
1,6,16,17.59,64.59,958.9,34.48,88.01
1,6,17,18.28,65.58,565.9,29.97,88.01
1,6,18,19.6,63.92,377.1,31.02,88.01
1,6,19,20.58,65.71,2.1,31.77,88.01
1,6,20,21.45,63.74,0.0,34.14,88.01
1,6,21,23.2,63.82,1.7,36.81,88.01
1,6,22,24.19,68.02,0.0,34.2,88.01
1,6,23,24.09,67.45,1.3,37.28,88.01
1,7,0,27.02,90.96,0.0,41.34,35.87
1,7,1,28.2,92.64,3.2,40.9,35.87
1,7,2,26.93,90.43,0.1,44.1,35.87
1,7,3,26.41,92.91,0.0,42.32,35.87
1,7,4,26.27,88.14,1.6,43.24,35.87
1,7,5,25.37,88.68,0.0,45.46,35.87
1,7,6,24.89,88.37,0.0,42.05,35.87
1,7,7,22.51,90.54,476.5,42.71,35.87
1,7,8,23.54,92.31,746.6,38.97,35.87
1,7,9,22.66,90.71,1089.3,39.39,35.87
1,7,10,20.32,90.4,1350.1,37.31,35.87
1,7,11,19.21,89.8,1579.9,36.99,35.87
1,7,12,18.33,92.88,1522.2,37.27,35.87
1,7,13,18.6,87.51,1679.2,34.04,35.87
1,7,14,17.11,89.45,1418.9,36.43,35.87
1,7,15,18.45,92.53,1289.6,31.61,35.87
1,7,16,18.2,91.35,795.8,34.2,35.87
1,7,17,19.1,90.06,668.8,33.97,35.87
1,7,18,20.04,92.36,275.7,34.72,35.87
1,7,19,21.67,90.16,0.7,32.72,35.87
1,7,20,23.08,90.34,0.0,37.2,35.87
1,7,21,23.51,88.51,0.0,37.74,35.87
1,7,22,24.38,93.25,0.0,40.67,35.87
1,7,23,26.12,90.47,0.0,40.02,35.87
1,8,0,27.7,92.37,0.0,38.67,36.11
1,8,1,26.45,91.51,0.0,41.16,36.11
1,8,2,28.27,92.44,0.0,41.91,36.11
1,8,3,27.91,93.72,0.0,42.39,36.11
1,8,4,26.54,92.57,0.8,38.24,36.11
1,8,5,25.68,91.66,0.0,42.49,36.11
1,8,6,24.1,90.16,2.7,39.8,36.11
1,8,7,23.99,88.73,679.9,39.87,36.11
1,8,8,22.51,91.63,823.7,37.02,36.11
1,8,9,21.21,90.37,939.5,39.57,36.11
1,8,10,19.88,91.72,1416.3,36.29,36.11
1,8,11,20.05,91.29,1505.5,34.9,36.11
1,8,12,18.55,92.16,1659.7,35.69,36.11
1,8,13,16.94,93.08,1593.3,32.92,36.11
1,8,14,18.19,91.54,1588.5,33.39,36.11
1,8,15,18.46,92.95,1186.2,32.91,36.11
1,8,16,17.54,91.27,975.2,31.99,36.11
1,8,17,19.29,91.04,705.6,31.84,36.11
1,8,18,19.83,92.69,247.2,33.22,36.11
1,8,19,20.7,93.28,0.0,33.46,36.11
1,8,20,22.67,88.47,0.0,35.86,36.11
1,8,21,24.14,91.78,0.0,36.38,36.11
1,8,22,25.22,91.43,2.4,35.77,36.11
1,8,23,25.6,87.63,1.8,38.56,36.11
2,1,0,36.92,58.33,4.6,65.17,44.4
2,1,1,37.99,62.0,0.0,67.31,44.4
2,1,2,37.29,58.67,1.1,67.06,44.4
2,1,3,37.16,59.31,0.0,66.74,44.4
2,1,4,37.4,61.14,0.7,68.1,44.4
2,1,5,36.0,58.51,4.7,69.9,44.4
2,1,6,35.09,59.81,0.0,68.87,44.4
2,1,7,34.8,61.19,182.9,67.36,44.4
2,1,8,32.6,57.68,381.7,64.74,44.4
2,1,9,32.0,59.55,524.0,63.37,44.4
2,1,10,29.7,58.26,697.4,64.18,44.4
2,1,11,31.26,57.87,700.9,63.07,44.4
2,1,12,30.07,60.02,872.6,61.8,44.4
2,1,13,29.74,60.64,842.9,61.42,44.4
2,1,14,29.91,61.86,710.4,60.06,44.4
2,1,15,29.35,58.32,573.7,59.58,44.4
2,1,16,30.16,60.17,438.7,58.67,44.4
2,1,17,31.0,57.33,304.4,58.97,44.4
2,1,18,31.81,57.54,249.7,59.66,44.4
2,1,19,32.55,58.96,1.1,60.2,44.4
2,1,20,34.08,57.4,0.4,61.78,44.4
2,1,21,34.44,58.96,0.0,62.64,44.4
2,1,22,34.61,61.01,0.0,63.86,44.4
2,1,23,36.54,58.78,0.0,61.91,44.4
2,2,0,40.31,55.97,0.0,66.1,12.1
2,2,1,40.62,55.87,0.0,67.38,12.1
2,2,2,40.96,56.57,3.7,65.26,12.1
2,2,3,39.73,55.68,0.0,67.73,12.1
2,2,4,39.97,57.25,0.0,69.7,12.1
2,2,5,39.4,58.4,0.7,68.05,12.1
2,2,6,38.88,57.39,1.3,68.86,12.1
2,2,7,37.72,57.78,214.8,68.23,12.1
2,2,8,36.22,59.42,343.0,62.89,12.1
2,2,9,35.57,55.7,530.1,62.85,12.1
2,2,10,34.3,53.89,627.9,58.9,12.1
2,2,11,32.89,57.86,802.5,61.88,12.1
2,2,12,32.55,56.65,833.4,58.3,12.1
2,2,13,33.38,58.04,812.5,59.04,12.1
2,2,14,32.59,53.66,727.2,57.18,12.1
2,2,15,32.13,56.3,677.9,58.67,12.1
2,2,16,32.75,57.58,506.8,58.92,12.1
2,2,17,33.71,55.75,332.7,58.3,12.1
2,2,18,34.97,57.67,231.0,57.4,12.1
2,2,19,36.17,57.02,4.2,57.97,12.1
2,2,20,37.43,57.02,0.0,59.31,12.1
2,2,21,37.46,57.36,1.0,60.38,12.1
2,2,22,38.59,59.93,3.5,63.19,12.1
2,2,23,39.46,56.9,1.2,62.29,12.1
2,3,0,36.3,67.44,0.0,68.38,49.39
2,3,1,37.06,66.65,3.4,70.92,49.39
2,3,2,37.63,65.02,0.0,73.73,49.39
2,3,3,37.27,62.72,3.0,74.98,49.39
2,3,4,36.23,65.68,1.0,73.47,49.39
2,3,5,35.62,64.08,0.0,74.67,49.39
2,3,6,35.32,64.53,1.5,68.13,49.39
2,3,7,34.64,62.47,203.3,69.93,49.39
2,3,8,32.37,66.82,325.1,71.1,49.39
2,3,9,31.94,65.8,498.1,67.45,49.39
2,3,10,31.47,64.34,581.6,67.43,49.39
2,3,11,30.88,66.36,755.0,66.26,49.39
2,3,12,29.32,68.2,849.5,66.22,49.39
2,3,13,29.59,65.44,810.9,64.25,49.39
2,3,14,28.9,65.03,768.1,63.82,49.39
2,3,15,29.45,64.96,605.9,60.25,49.39
2,3,16,29.94,65.6,490.0,58.73,49.39
2,3,17,31.18,64.87,349.9,61.69,49.39
2,3,18,31.28,63.5,160.8,66.62,49.39
2,3,19,31.86,65.41,1.7,65.28,49.39
2,3,20,33.09,65.63,4.8,65.49,49.39
2,3,21,34.17,66.66,2.2,68.56,49.39
2,3,22,35.37,63.37,3.3,66.36,49.39
2,3,23,36.04,63.95,0.0,69.86,49.39
2,4,0,38.8,62.63,2.1,71.93,26.9
2,4,1,40.41,64.98,2.6,71.72,26.9
2,4,2,40.25,62.48,0.0,70.44,26.9
2,4,3,39.61,66.36,0.0,72.95,26.9
2,4,4,39.0,63.13,0.3,72.52,26.9
2,4,5,39.54,66.33,0.0,72.38,26.9
2,4,6,38.18,65.72,0.0,72.87,26.9
2,4,7,36.59,61.73,279.1,69.37,26.9
2,4,8,37.28,65.12,373.2,71.94,26.9
2,4,9,34.94,64.62,487.0,70.7,26.9
2,4,10,34.06,62.6,610.3,67.1,26.9
2,4,11,33.72,63.1,689.4,67.87,26.9
2,4,12,33.35,65.19,808.2,63.69,26.9
2,4,13,32.12,63.79,781.2,65.86,26.9
2,4,14,32.97,64.36,744.3,62.84,26.9
2,4,15,32.88,63.92,578.3,63.84,26.9
2,4,16,32.83,64.24,498.7,64.15,26.9
2,4,17,33.09,64.63,324.3,61.8,26.9
2,4,18,34.66,63.58,175.4,65.37,26.9
2,4,19,35.44,62.98,1.6,64.2,26.9
2,4,20,37.03,62.79,0.5,64.9,26.9
2,4,21,38.28,62.17,1.0,66.18,26.9
2,4,22,37.98,64.71,2.4,71.01,26.9
2,4,23,38.23,64.43,2.9,67.34,26.9
2,5,0,40.13,63.13,0.0,74.11,21.28
2,5,1,39.96,59.16,0.0,73.61,21.28
2,5,2,40.41,59.53,0.5,73.91,21.28
2,5,3,40.42,61.93,0.0,77.3,21.28
2,5,4,40.46,58.87,3.3,77.54,21.28
2,5,5,38.85,60.6,1.1,76.86,21.28
2,5,6,38.63,59.3,0.3,74.12,21.28
2,5,7,37.32,59.33,187.7,77.3,21.28
2,5,8,36.87,61.6,298.9,73.94,21.28
2,5,9,35.87,60.9,592.1,73.8,21.28
2,5,10,34.38,60.22,652.4,71.68,21.28
2,5,11,33.79,62.12,736.6,68.62,21.28
2,5,12,31.88,61.45,787.3,66.18,21.28
2,5,13,32.58,64.42,821.5,69.63,21.28
2,5,14,32.29,60.54,776.1,67.15,21.28
2,5,15,32.52,61.17,574.6,68.57,21.28
2,5,16,32.71,59.55,470.6,65.56,21.28
2,5,17,33.45,60.67,348.9,67.79,21.28
2,5,18,34.27,61.91,245.3,68.42,21.28
2,5,19,35.27,58.72,0.0,67.92,21.28
2,5,20,36.02,60.4,0.1,70.21,21.28
2,5,21,37.34,61.41,0.1,67.65,21.28
2,5,22,37.89,60.47,0.0,72.81,21.28
2,5,23,39.97,62.51,0.0,75.44,21.28
2,6,0,37.68,89.4,0.3,67.54,13.9
2,6,1,38.5,90.93,1.9,66.35,13.9
2,6,2,37.14,90.54,0.0,69.03,13.9
2,6,3,37.69,86.44,1.1,71.01,13.9
2,6,4,37.58,85.26,0.0,70.63,13.9
2,6,5,36.49,89.42,0.0,70.74,13.9
2,6,6,36.44,87.68,2.4,69.13,13.9
2,6,7,35.39,87.74,199.9,67.25,13.9
2,6,8,34.26,91.71,287.2,65.12,13.9
2,6,9,34.03,88.83,466.8,67.89,13.9
2,6,10,32.01,91.88,675.2,64.31,13.9
2,6,11,32.54,88.23,800.7,64.19,13.9
2,6,12,31.47,91.49,834.9,61.41,13.9
2,6,13,30.64,88.13,906.2,61.71,13.9
2,6,14,30.09,89.42,681.1,59.25,13.9
2,6,15,31.01,88.16,558.7,61.01,13.9
2,6,16,31.41,90.22,489.9,58.9,13.9
2,6,17,30.75,91.4,289.9,59.83,13.9
2,6,18,32.97,89.98,206.1,63.96,13.9
2,6,19,32.97,90.54,0.1,61.91,13.9
2,6,20,35.11,89.91,1.1,64.15,13.9
2,6,21,35.22,87.88,0.0,60.8,13.9
2,6,22,37.41,87.49,0.0,64.62,13.9
2,6,23,37.38,90.37,1.7,65.46,13.9
2,7,0,37.84,90.18,0.0,73.77,15.87
2,7,1,37.97,89.13,0.0,73.93,15.87
2,7,2,38.35,89.95,0.1,72.61,15.87
2,7,3,38.05,90.17,4.6,76.96,15.87
2,7,4,36.45,89.2,3.6,76.46,15.87
2,7,5,36.91,90.43,0.0,76.07,15.87
2,7,6,35.78,89.05,1.7,73.46,15.87
2,7,7,35.57,88.45,229.4,71.96,15.87
2,7,8,34.23,91.25,323.1,71.35,15.87
2,7,9,32.95,91.26,434.1,70.15,15.87
2,7,10,31.6,87.85,612.6,67.38,15.87
2,7,11,31.28,89.59,698.4,71.41,15.87
2,7,12,31.18,87.96,882.4,67.16,15.87
2,7,13,30.02,87.83,914.6,66.54,15.87
2,7,14,29.86,88.05,815.6,69.02,15.87
2,7,15,30.75,90.52,576.4,66.93,15.87
2,7,16,30.34,91.05,494.9,64.55,15.87
2,7,17,31.46,90.11,187.1,66.89,15.87
2,7,18,31.62,87.75,151.6,65.99,15.87
2,7,19,33.05,87.03,0.4,67.85,15.87
2,7,20,34.8,87.47,0.0,68.41,15.87
2,7,21,35.5,88.63,2.4,66.32,15.87
2,7,22,35.28,89.61,0.0,68.76,15.87
2,7,23,36.48,90.24,0.0,72.07,15.87
2,8,0,36.03,82.11,0.0,73.58,20.64
2,8,1,37.85,85.73,0.0,72.66,20.64
2,8,2,36.66,86.87,1.5,74.59,20.64
2,8,3,36.97,86.11,0.0,72.01,20.64
2,8,4,36.5,86.97,1.8,72.22,20.64
2,8,5,36.71,86.01,0.0,72.13,20.64
2,8,6,33.91,87.74,1.5,72.33,20.64
2,8,7,34.17,87.19,153.0,71.16,20.64
2,8,8,33.48,84.53,357.0,68.89,20.64
2,8,9,32.27,86.36,427.2,71.46,20.64
2,8,10,30.68,85.2,655.2,70.14,20.64
2,8,11,29.7,86.51,787.6,68.17,20.64
2,8,12,29.65,85.86,798.8,66.05,20.64
2,8,13,28.62,82.03,840.1,66.24,20.64
2,8,14,27.83,84.9,763.5,67.18,20.64
2,8,15,29.16,85.32,594.9,65.65,20.64
2,8,16,29.24,85.22,427.9,61.99,20.64
2,8,17,30.27,88.85,316.9,63.21,20.64
2,8,18,30.9,84.07,224.0,63.97,20.64
2,8,19,31.94,91.2,0.6,63.76,20.64
2,8,20,32.87,88.14,0.2,63.76,20.64
2,8,21,34.6,85.41,3.7,68.75,20.64
2,8,22,34.9,88.34,0.1,69.7,20.64
2,8,23,36.21,85.14,0.0,71.26,20.64
3,1,0,35.08,39.3,1.0,37.34,24.13
3,1,1,35.58,38.87,2.3,40.51,24.13
3,1,2,35.01,38.55,0.1,38.76,24.13
3,1,3,36.34,39.27,0.0,40.55,24.13
3,1,4,35.12,39.39,3.6,40.35,24.13
3,1,5,34.1,36.0,0.0,41.62,24.13
3,1,6,33.25,35.57,0.0,40.65,24.13
3,1,7,32.45,37.67,435.4,37.75,24.13
3,1,8,30.65,35.89,826.3,39.21,24.13
3,1,9,29.02,40.8,1067.3,37.96,24.13
3,1,10,28.69,39.14,1431.8,33.64,24.13
3,1,11,28.31,37.25,1622.1,34.32,24.13
3,1,12,26.72,40.1,1921.5,33.85,24.13
3,1,13,25.55,39.12,1871.6,29.32,24.13
3,1,14,26.72,39.94,1498.3,31.75,24.13
3,1,15,26.65,39.91,1240.5,30.22,24.13
3,1,16,26.12,35.52,1014.4,31.48,24.13
3,1,17,27.84,38.84,673.3,28.58,24.13
3,1,18,28.56,39.57,395.1,31.62,24.13
3,1,19,29.88,39.41,1.8,30.5,24.13
3,1,20,31.31,38.36,0.7,31.36,24.13
3,1,21,31.72,39.07,0.0,33.09,24.13
3,1,22,32.49,40.1,2.1,33.53,24.13
3,1,23,34.46,40.28,1.8,36.44,24.13
3,2,0,35.13,51.99,0.7,41.53,46.29
3,2,1,36.09,52.9,1.3,44.85,46.29
3,2,2,35.21,50.9,2.9,41.09,46.29
3,2,3,36.4,52.28,4.2,40.44,46.29
3,2,4,36.11,54.56,0.0,43.46,46.29
3,2,5,34.28,51.98,0.0,38.51,46.29
3,2,6,34.02,52.15,3.0,42.53,46.29
3,2,7,33.84,52.09,477.0,40.54,46.29
3,2,8,31.27,48.62,737.3,36.68,46.29
3,2,9,30.52,50.07,995.7,37.57,46.29
3,2,10,29.08,51.94,1496.2,36.42,46.29
3,2,11,28.46,56.03,1692.6,35.72,46.29
3,2,12,27.1,51.64,1716.8,35.19,46.29
3,2,13,27.08,48.69,1776.9,35.36,46.29
3,2,14,26.67,50.95,1483.4,30.17,46.29
3,2,15,27.44,51.66,1397.8,34.75,46.29
3,2,16,27.95,51.12,1014.8,31.36,46.29
3,2,17,27.87,52.45,614.9,29.14,46.29
3,2,18,28.74,51.47,572.1,32.22,46.29
3,2,19,30.55,51.68,2.5,35.49,46.29
3,2,20,32.08,49.33,0.4,35.92,46.29
3,2,21,32.88,52.89,0.1,34.87,46.29
3,2,22,32.96,50.97,5.4,36.56,46.29
3,2,23,33.78,53.03,1.7,40.51,46.29
3,3,0,38.42,49.59,2.8,35.58,34.47
3,3,1,38.53,50.98,0.0,38.21,34.47
3,3,2,38.94,47.97,2.6,35.29,34.47
3,3,3,38.9,52.28,0.0,37.67,34.47
3,3,4,37.37,50.27,0.0,39.62,34.47
3,3,5,37.84,52.69,0.0,37.97,34.47
3,3,6,35.39,49.38,1.9,40.21,34.47
3,3,7,34.5,49.7,484.2,37.41,34.47
3,3,8,33.51,51.23,714.4,35.93,34.47
3,3,9,33.0,50.6,1037.1,34.58,34.47
3,3,10,31.56,50.04,1374.7,35.85,34.47
3,3,11,30.93,50.15,1721.5,31.66,34.47
3,3,12,30.5,51.15,1787.3,31.63,34.47
3,3,13,28.67,48.9,1670.6,30.13,34.47
3,3,14,30.16,53.94,1665.7,29.88,34.47
3,3,15,28.55,49.78,1256.7,27.69,34.47
3,3,16,29.83,49.88,822.7,29.58,34.47
3,3,17,30.11,50.95,877.8,27.25,34.47
3,3,18,30.34,50.16,534.0,32.06,34.47
3,3,19,32.11,51.34,0.0,29.76,34.47
3,3,20,35.24,48.34,0.5,31.66,34.47
3,3,21,35.66,50.74,0.6,31.57,34.47
3,3,22,36.37,50.08,1.2,32.9,34.47
3,3,23,37.38,50.55,2.3,34.67,34.47
3,4,0,35.43,44.02,5.4,41.05,37.63
3,4,1,36.36,47.14,0.8,44.73,37.63
3,4,2,36.51,47.34,0.0,44.79,37.63
3,4,3,36.93,47.93,3.9,43.42,37.63
3,4,4,35.78,49.3,0.0,42.83,37.63
3,4,5,35.14,46.85,0.0,42.76,37.63
3,4,6,33.35,48.93,1.0,44.36,37.63
3,4,7,32.71,46.76,549.6,44.26,37.63
3,4,8,31.59,48.32,687.9,41.77,37.63
3,4,9,29.69,47.61,928.2,37.8,37.63
3,4,10,28.89,46.82,1407.8,38.75,37.63
3,4,11,28.05,48.56,1616.5,37.33,37.63
3,4,12,28.02,47.65,1780.8,36.58,37.63
3,4,13,26.75,46.58,1688.3,34.27,37.63
3,4,14,27.11,46.7,1594.0,35.68,37.63
3,4,15,26.69,48.6,1188.5,33.93,37.63
3,4,16,27.34,47.68,852.2,35.76,37.63
3,4,17,27.6,48.15,690.9,35.63,37.63
3,4,18,30.08,45.71,375.7,34.91,37.63
3,4,19,29.55,48.82,1.7,36.26,37.63
3,4,20,31.42,49.7,0.0,36.55,37.63
3,4,21,32.13,48.98,0.0,37.62,37.63
3,4,22,33.78,46.22,0.0,38.98,37.63
3,4,23,35.05,46.1,0.0,41.94,37.63
3,5,0,35.58,67.68,0.0,43.75,58.9
3,5,1,36.09,69.23,3.1,41.66,58.9
3,5,2,36.54,65.03,0.4,44.55,58.9
3,5,3,35.59,67.85,0.4,44.52,58.9
3,5,4,35.44,66.47,0.8,44.93,58.9
3,5,5,33.51,66.28,0.0,44.63,58.9
3,5,6,33.27,64.13,2.5,43.97,58.9
3,5,7,32.65,66.98,453.0,46.81,58.9
3,5,8,31.52,66.81,845.1,45.02,58.9
3,5,9,30.09,65.63,1191.9,42.63,58.9
3,5,10,29.88,64.21,1538.1,38.98,58.9
3,5,11,28.48,66.04,1579.0,36.7,58.9
3,5,12,26.78,66.44,1659.0,35.92,58.9
3,5,13,27.08,62.3,1849.1,32.97,58.9
3,5,14,26.99,66.28,1656.7,35.73,58.9
3,5,15,28.2,66.58,1423.2,34.2,58.9
3,5,16,27.71,68.58,980.2,35.41,58.9
3,5,17,28.88,65.15,494.7,35.67,58.9
3,5,18,29.84,64.23,495.1,36.8,58.9
3,5,19,29.32,64.85,0.0,36.31,58.9
3,5,20,31.28,65.06,3.3,37.46,58.9
3,5,21,32.5,66.2,1.1,38.9,58.9
3,5,22,33.86,65.28,0.0,39.22,58.9
3,5,23,35.09,64.77,0.8,43.53,58.9
3,6,0,38.05,89.48,0.0,33.27,20.36
3,6,1,38.35,90.77,0.0,36.83,20.36
3,6,2,38.37,90.71,0.0,35.42,20.36
3,6,3,37.92,90.17,1.7,37.43,20.36
3,6,4,38.82,86.99,0.0,38.4,20.36
3,6,5,36.89,87.99,0.9,38.91,20.36
3,6,6,36.06,90.33,0.0,35.43,20.36
3,6,7,34.56,90.07,501.3,37.12,20.36
3,6,8,34.0,88.96,759.7,36.88,20.36
3,6,9,32.48,87.97,989.6,36.07,20.36
3,6,10,32.11,91.6,1419.1,31.72,20.36
3,6,11,30.45,92.18,1714.4,31.92,20.36
3,6,12,30.03,87.93,1734.1,29.4,20.36
3,6,13,29.49,90.91,1764.7,28.68,20.36
3,6,14,29.09,89.11,1536.0,29.7,20.36
3,6,15,28.88,87.49,1206.3,26.29,20.36
3,6,16,29.84,90.06,1010.8,29.41,20.36
3,6,17,31.05,88.95,727.0,26.33,20.36
3,6,18,32.1,87.97,370.2,28.3,20.36
3,6,19,31.76,89.88,0.4,29.71,20.36
3,6,20,32.95,92.81,1.1,34.98,20.36
3,6,21,34.52,91.27,1.6,31.8,20.36
3,6,22,36.74,89.23,0.0,28.32,20.36
3,6,23,37.2,87.85,0.0,33.28,20.36
3,7,0,36.97,82.97,1.4,42.63,32.46
3,7,1,35.92,85.06,0.0,41.76,32.46
3,7,2,37.14,83.85,0.0,42.73,32.46
3,7,3,36.27,82.95,1.4,41.45,32.46
3,7,4,36.68,85.27,0.0,42.33,32.46
3,7,5,36.21,83.11,0.0,43.87,32.46
3,7,6,35.05,84.2,0.0,44.81,32.46
3,7,7,34.41,86.05,494.3,40.67,32.46
3,7,8,31.93,85.36,795.1,42.95,32.46
3,7,9,31.47,82.32,1171.8,38.14,32.46
3,7,10,29.84,84.95,1578.6,43.01,32.46
3,7,11,29.38,84.3,1706.8,38.38,32.46
3,7,12,28.18,87.27,1817.8,36.59,32.46
3,7,13,28.21,85.21,1854.5,33.88,32.46
3,7,14,27.44,82.93,1647.7,35.18,32.46
3,7,15,28.1,87.09,1327.4,34.52,32.46
3,7,16,27.79,84.0,1064.6,34.62,32.46
3,7,17,28.93,84.47,552.9,32.98,32.46
3,7,18,30.48,85.44,479.7,34.09,32.46
3,7,19,31.15,83.59,1.4,35.44,32.46
3,7,20,32.59,83.79,0.0,37.49,32.46
3,7,21,33.3,83.28,1.4,36.46,32.46
3,7,22,35.18,85.5,1.4,36.3,32.46
3,7,23,36.22,84.97,0.0,39.85,32.46
3,8,0,35.66,81.22,0.0,43.06,35.59
3,8,1,35.16,83.92,3.6,43.33,35.59
3,8,2,35.45,82.28,1.1,44.88,35.59
3,8,3,36.2,84.24,0.0,46.4,35.59
3,8,4,35.81,81.78,0.0,44.99,35.59
3,8,5,34.06,80.02,0.0,45.73,35.59
3,8,6,34.11,81.6,0.0,47.67,35.59
3,8,7,31.68,80.03,411.6,43.33,35.59
3,8,8,30.17,82.33,843.1,41.36,35.59
3,8,9,29.89,83.12,1069.1,42.36,35.59
3,8,10,28.83,81.3,1533.7,42.66,35.59
3,8,11,28.37,84.04,1516.0,40.88,35.59
3,8,12,27.36,80.22,1777.6,38.7,35.59
3,8,13,27.41,83.61,1700.4,39.79,35.59
3,8,14,26.44,82.14,1578.4,34.02,35.59
3,8,15,26.52,83.27,1293.1,36.59,35.59
3,8,16,26.6,82.31,1030.3,36.07,35.59
3,8,17,26.97,81.86,842.0,35.22,35.59
3,8,18,28.74,82.39,576.3,38.39,35.59
3,8,19,30.25,81.06,0.7,38.1,35.59
3,8,20,30.69,81.22,3.4,37.83,35.59
3,8,21,33.05,84.02,0.8,40.17,35.59
3,8,22,32.65,82.83,2.8,41.81,35.59
3,8,23,34.39,85.09,0.0,41.15,35.59
4,1,0,38.0,51.66,0.0,50.39,39.82
4,1,1,37.14,52.74,0.1,47.26,39.82
4,1,2,37.44,51.78,0.0,53.1,39.82
4,1,3,36.7,54.03,0.0,51.01,39.82
4,1,4,37.39,53.32,1.1,53.06,39.82
4,1,5,36.3,51.89,0.0,50.2,39.82
4,1,6,37.25,54.68,0.0,48.95,39.82
4,1,7,35.21,53.63,1.1,49.76,39.82
4,1,8,34.05,53.3,366.1,45.78,39.82
4,1,9,33.13,51.54,601.9,52.38,39.82
4,1,10,32.62,52.34,947.1,47.33,39.82
4,1,11,31.96,53.72,1341.6,43.61,39.82
4,1,12,31.45,51.42,1481.3,42.73,39.82
4,1,13,30.68,52.37,1671.6,44.45,39.82
4,1,14,30.15,52.89,1544.9,40.39,39.82
4,1,15,30.78,52.35,1658.7,42.42,39.82
4,1,16,30.53,51.97,1293.8,44.74,39.82
4,1,17,30.96,49.99,1061.4,42.36,39.82
4,1,18,32.01,53.61,407.3,42.28,39.82
4,1,19,33.41,54.2,301.8,43.2,39.82
4,1,20,33.65,53.2,0.0,43.49,39.82
4,1,21,34.47,53.79,1.7,44.96,39.82
4,1,22,35.8,50.64,0.0,46.53,39.82
4,1,23,37.78,51.14,2.9,49.39,39.82
4,2,0,38.04,63.22,2.2,51.1,34.58
4,2,1,37.74,61.08,0.0,52.98,34.58
4,2,2,39.13,60.69,0.0,53.96,34.58
4,2,3,38.82,58.01,0.0,54.69,34.58
4,2,4,38.66,60.64,0.0,55.47,34.58
4,2,5,37.22,59.6,0.0,54.09,34.58
4,2,6,36.54,58.07,1.8,55.78,34.58
4,2,7,36.36,59.67,0.0,53.06,34.58
4,2,8,35.47,62.38,299.8,52.16,34.58
4,2,9,34.54,63.56,644.7,52.02,34.58
4,2,10,33.55,63.5,905.7,48.25,34.58
4,2,11,33.52,62.43,1139.5,47.53,34.58
4,2,12,32.43,62.07,1452.3,47.51,34.58
4,2,13,32.8,62.99,1608.1,47.42,34.58
4,2,14,31.32,61.98,1748.6,44.88,34.58
4,2,15,31.53,60.4,1374.4,43.53,34.58
4,2,16,32.1,59.27,1212.5,45.89,34.58
4,2,17,32.36,63.66,951.4,46.26,34.58
4,2,18,33.18,62.66,532.1,46.54,34.58
4,2,19,34.4,62.21,288.7,44.66,34.58
4,2,20,35.47,59.96,0.9,44.99,34.58
4,2,21,36.46,59.53,1.1,49.18,34.58
4,2,22,36.49,62.25,0.5,48.73,34.58
4,2,23,37.03,58.44,0.7,48.49,34.58
4,3,0,36.17,84.36,0.9,47.63,31.42
4,3,1,36.72,84.8,0.0,50.6,31.42
4,3,2,36.43,83.68,0.7,53.91,31.42
4,3,3,36.88,81.91,1.2,54.26,31.42
4,3,4,36.2,85.52,4.0,53.97,31.42
4,3,5,35.6,85.45,0.3,52.3,31.42
4,3,6,34.61,86.23,0.0,54.06,31.42
4,3,7,34.23,81.78,0.7,47.82,31.42
4,3,8,33.43,85.21,311.3,50.12,31.42
4,3,9,33.23,83.12,502.1,50.95,31.42
4,3,10,32.43,83.89,954.4,49.45,31.42
4,3,11,30.38,83.15,1274.9,48.67,31.42
4,3,12,30.5,82.56,1597.0,44.14,31.42
4,3,13,29.72,84.4,1718.3,45.18,31.42
4,3,14,29.98,84.58,1605.8,43.94,31.42
4,3,15,28.62,83.44,1482.0,40.88,31.42
4,3,16,30.42,83.58,1353.1,44.79,31.42
4,3,17,30.52,83.66,904.1,41.93,31.42
4,3,18,31.54,82.74,529.0,44.04,31.42
4,3,19,32.56,82.68,456.2,42.95,31.42
4,3,20,33.24,85.11,0.0,45.62,31.42
4,3,21,33.72,83.59,0.0,45.02,31.42
4,3,22,34.69,81.56,0.0,47.01,31.42
4,3,23,35.35,83.52,0.0,49.45,31.42
4,4,0,34.88,88.46,0.0,49.73,19.1
4,4,1,35.89,89.56,0.0,49.11,19.1
4,4,2,35.7,89.13,1.1,48.61,19.1
4,4,3,35.42,90.85,0.4,55.83,19.1
4,4,4,35.44,88.89,0.0,49.3,19.1
4,4,5,34.69,89.15,1.8,50.97,19.1
4,4,6,33.98,89.45,3.5,50.81,19.1
4,4,7,34.15,91.62,1.0,51.05,19.1
4,4,8,32.57,87.51,336.7,50.73,19.1
4,4,9,31.48,88.29,583.5,50.81,19.1
4,4,10,31.33,90.31,949.5,46.41,19.1
4,4,11,29.16,89.01,1301.7,45.26,19.1
4,4,12,29.36,89.95,1590.3,46.9,19.1
4,4,13,30.26,90.16,1616.6,41.15,19.1
4,4,14,29.77,88.65,1619.8,40.98,19.1
4,4,15,28.85,89.14,1413.3,41.32,19.1
4,4,16,29.21,91.65,1121.8,42.29,19.1
4,4,17,30.62,89.63,852.0,41.79,19.1
4,4,18,31.29,90.69,577.5,43.36,19.1
4,4,19,30.96,91.42,416.8,42.96,19.1
4,4,20,31.95,89.07,1.1,46.3,19.1
4,4,21,32.92,91.09,0.0,44.79,19.1
4,4,22,34.03,89.04,0.0,45.96,19.1
4,4,23,34.88,90.12,0.0,45.07,19.1
4,5,0,35.68,87.57,0.0,55.08,19.48
4,5,1,36.63,88.45,0.0,59.11,19.48
4,5,2,35.21,88.12,0.1,57.8,19.48
4,5,3,36.03,87.79,0.0,58.62,19.48
4,5,4,35.22,86.78,0.0,58.42,19.48
4,5,5,35.17,87.39,2.9,58.15,19.48
4,5,6,34.03,87.45,1.5,56.89,19.48
4,5,7,33.44,88.29,0.0,57.53,19.48
4,5,8,32.97,88.32,302.4,54.93,19.48
4,5,9,31.59,88.41,644.0,53.34,19.48
4,5,10,29.95,89.84,899.4,55.04,19.48
4,5,11,29.36,86.65,1255.5,54.5,19.48
4,5,12,28.77,86.2,1427.6,50.54,19.48
4,5,13,28.57,86.24,1554.8,48.97,19.48
4,5,14,28.32,88.56,1597.8,50.64,19.48
4,5,15,28.15,88.13,1630.3,48.85,19.48
4,5,16,29.72,89.34,1281.2,49.49,19.48
4,5,17,30.12,89.17,961.5,47.73,19.48
4,5,18,29.68,85.79,598.6,50.8,19.48
4,5,19,30.79,89.5,343.1,49.97,19.48
4,5,20,31.78,85.29,0.5,54.31,19.48
4,5,21,33.03,85.34,1.6,50.51,19.48
4,5,22,33.27,87.76,0.2,52.73,19.48
4,5,23,34.42,89.19,1.7,57.41,19.48
4,6,0,36.75,85.01,0.0,53.26,19.45
4,6,1,37.35,90.07,3.0,55.06,19.45
4,6,2,38.06,86.13,0.0,55.07,19.45
4,6,3,38.04,84.59,0.7,55.22,19.45
4,6,4,36.62,85.16,0.0,58.45,19.45
4,6,5,37.33,84.45,1.0,53.13,19.45
4,6,6,36.9,85.75,0.0,56.94,19.45
4,6,7,34.91,84.36,0.0,55.71,19.45
4,6,8,33.93,82.2,322.7,53.95,19.45
4,6,9,34.42,85.76,554.5,53.64,19.45
4,6,10,32.08,85.87,888.0,51.29,19.45
4,6,11,32.07,86.5,974.1,48.34,19.45
4,6,12,32.02,84.98,1441.1,48.79,19.45
4,6,13,31.29,86.71,1514.8,46.77,19.45
4,6,14,31.65,86.69,1554.8,46.63,19.45
4,6,15,31.82,83.38,1556.2,45.29,19.45
4,6,16,32.01,88.25,1100.3,44.56,19.45
4,6,17,32.18,85.28,1050.4,44.51,19.45
4,6,18,32.74,86.76,523.2,45.7,19.45
4,6,19,33.98,85.95,376.2,46.29,19.45
4,6,20,33.93,86.93,3.5,48.15,19.45
4,6,21,35.66,87.49,0.0,51.88,19.45
4,6,22,36.46,88.9,0.0,53.35,19.45
4,6,23,37.44,87.28,0.5,51.54,19.45
4,7,0,37.8,83.08,4.7,49.12,21.19
4,7,1,38.14,81.15,0.0,54.03,21.19
4,7,2,38.67,82.76,2.6,53.18,21.19
4,7,3,38.48,83.08,0.1,54.94,21.19
4,7,4,38.11,85.43,0.9,53.89,21.19
4,7,5,36.58,82.25,0.0,57.34,21.19
4,7,6,36.08,83.29,3.0,54.24,21.19
4,7,7,35.02,83.46,0.0,54.67,21.19
4,7,8,34.39,83.03,311.2,52.96,21.19
4,7,9,33.76,83.01,558.7,51.79,21.19
4,7,10,32.82,83.84,817.8,52.13,21.19
4,7,11,32.27,83.04,1203.2,49.21,21.19
4,7,12,30.82,84.31,1353.9,49.52,21.19
4,7,13,31.24,84.96,1541.7,47.19,21.19
4,7,14,31.85,83.39,1554.5,47.27,21.19
4,7,15,31.67,82.97,1301.9,44.87,21.19
4,7,16,32.03,82.63,1210.3,44.63,21.19
4,7,17,31.25,82.78,964.5,42.23,21.19
4,7,18,33.04,82.02,669.6,47.36,21.19
4,7,19,33.63,83.54,318.6,45.07,21.19
4,7,20,35.43,82.5,3.1,46.83,21.19
4,7,21,35.71,82.09,1.0,48.84,21.19
4,7,22,36.09,84.71,0.0,48.48,21.19
4,7,23,37.32,82.08,1.0,53.37,21.19
4,8,0,35.38,80.73,1.8,51.33,41.31
4,8,1,36.1,80.46,4.6,48.69,41.31
4,8,2,35.65,76.57,1.4,47.59,41.31
4,8,3,36.12,80.05,0.4,51.55,41.31
4,8,4,36.09,81.31,0.0,50.07,41.31
4,8,5,35.06,80.64,1.8,51.59,41.31
4,8,6,35.35,77.63,3.3,52.7,41.31
4,8,7,34.32,82.07,0.0,48.83,41.31
4,8,8,32.72,80.48,274.3,49.72,41.31
4,8,9,32.91,80.44,610.7,45.89,41.31
4,8,10,30.99,81.27,935.6,46.02,41.31
4,8,11,30.52,76.35,1088.7,47.65,41.31
4,8,12,29.55,79.68,1517.8,41.7,41.31
4,8,13,29.95,80.8,1593.7,46.85,41.31
4,8,14,28.91,80.98,1588.3,42.91,41.31
4,8,15,30.08,78.29,1481.0,38.47,41.31
4,8,16,30.5,79.84,1262.8,42.67,41.31
4,8,17,30.91,79.62,838.8,40.18,41.31
4,8,18,32.01,81.55,601.2,41.82,41.31
4,8,19,31.77,81.15,437.6,45.46,41.31
4,8,20,32.65,78.83,0.5,44.55,41.31
4,8,21,33.84,78.08,1.8,45.87,41.31
4,8,22,34.3,81.43,2.3,46.28,41.31
4,8,23,35.48,80.22,0.0,47.42,41.31
5,1,0,25.07,91.64,3.4,46.93,26.23
5,1,1,25.35,94.96,0.7,47.97,26.23
5,1,2,26.12,91.71,2.2,51.77,26.23
5,1,3,26.19,93.79,3.5,50.68,26.23
5,1,4,25.08,93.92,4.2,49.32,26.23
5,1,5,25.09,93.87,0.0,49.2,26.23
5,1,6,25.31,96.73,0.4,48.82,26.23
5,1,7,23.37,93.64,130.4,50.09,26.23
5,1,8,23.49,92.37,145.2,49.6,26.23
5,1,9,23.29,90.93,259.5,48.0,26.23
5,1,10,22.93,91.24,267.7,45.62,26.23
5,1,11,21.96,95.94,357.3,44.19,26.23
5,1,12,20.79,95.09,353.3,45.79,26.23
5,1,13,20.91,95.64,381.2,42.1,26.23
5,1,14,20.71,92.74,344.4,41.63,26.23
5,1,15,20.76,93.0,283.8,37.82,26.23
5,1,16,21.54,91.78,196.4,38.31,26.23
5,1,17,20.81,91.22,141.5,43.95,26.23
5,1,18,21.97,93.52,108.5,41.71,26.23
5,1,19,22.8,91.46,2.9,45.02,26.23
5,1,20,22.65,91.71,0.0,41.9,26.23
5,1,21,24.39,92.16,4.3,46.34,26.23
5,1,22,24.86,94.79,2.2,45.0,26.23
5,1,23,24.86,93.37,1.7,47.35,26.23
5,2,0,27.34,90.13,2.4,44.33,28.63
5,2,1,27.95,88.63,2.2,45.54,28.63
5,2,2,27.7,91.22,1.1,44.46,28.63
5,2,3,27.92,89.13,5.3,46.98,28.63
5,2,4,27.81,90.58,2.8,46.22,28.63
5,2,5,27.02,91.14,0.0,44.57,28.63
5,2,6,26.16,92.17,0.3,44.8,28.63
5,2,7,26.07,91.09,104.3,42.71,28.63
5,2,8,25.7,91.69,187.0,43.01,28.63
5,2,9,25.52,90.19,253.0,43.5,28.63
5,2,10,23.52,92.49,294.2,42.22,28.63
5,2,11,23.08,90.63,364.7,42.96,28.63
5,2,12,24.06,90.71,342.5,39.05,28.63
5,2,13,22.81,90.23,345.8,37.5,28.63
5,2,14,22.76,89.05,326.3,36.82,28.63
5,2,15,23.25,86.13,237.9,36.01,28.63
5,2,16,23.26,90.16,204.4,36.36,28.63
5,2,17,23.82,88.77,173.7,36.79,28.63
5,2,18,24.55,89.98,140.4,37.91,28.63
5,2,19,24.64,91.11,0.0,37.99,28.63
5,2,20,25.7,90.07,0.0,37.33,28.63
5,2,21,25.79,90.03,0.0,42.71,28.63
5,2,22,25.48,89.39,0.2,42.11,28.63
5,2,23,26.86,91.58,0.0,41.79,28.63
5,3,0,28.75,92.44,1.0,39.78,32.29
5,3,1,29.2,95.3,0.0,38.79,32.29
5,3,2,29.24,96.02,0.0,44.53,32.29
5,3,3,30.05,94.83,0.7,43.06,32.29
5,3,4,29.28,93.86,0.0,41.2,32.29
5,3,5,27.69,96.06,0.3,42.64,32.29
5,3,6,28.48,93.17,0.0,41.71,32.29
5,3,7,28.35,92.65,60.7,40.56,32.29
5,3,8,27.59,91.81,143.6,40.7,32.29
5,3,9,27.65,92.37,203.7,39.61,32.29
5,3,10,26.36,93.47,262.9,38.45,32.29
5,3,11,25.54,97.08,356.4,37.75,32.29
5,3,12,24.7,98.07,363.9,34.39,32.29
5,3,13,25.49,92.2,334.0,34.45,32.29
5,3,14,24.5,94.07,355.0,32.11,32.29
5,3,15,24.62,93.87,265.7,32.88,32.29
5,3,16,25.26,97.59,228.8,29.04,32.29
5,3,17,25.22,94.48,172.3,33.25,32.29
5,3,18,26.38,95.0,130.2,32.81,32.29
5,3,19,26.44,95.65,0.0,33.08,32.29
5,3,20,26.7,93.28,1.0,32.55,32.29
5,3,21,26.89,97.2,0.0,36.81,32.29
5,3,22,27.53,94.55,0.0,35.46,32.29
5,3,23,29.47,96.18,0.0,40.6,32.29
5,4,0,29.47,94.75,0.0,40.52,24.38
5,4,1,30.58,95.09,1.6,41.44,24.38
5,4,2,29.25,96.72,0.0,42.8,24.38
5,4,3,29.57,95.26,0.0,44.52,24.38
5,4,4,29.65,96.19,0.0,43.67,24.38
5,4,5,29.5,96.43,0.0,44.45,24.38
5,4,6,27.39,95.16,3.8,42.0,24.38
5,4,7,27.36,96.24,81.0,41.68,24.38
5,4,8,27.42,94.14,161.2,42.71,24.38
5,4,9,26.68,95.49,223.5,40.94,24.38
5,4,10,25.8,95.78,283.9,38.82,24.38
5,4,11,24.85,95.04,328.9,36.13,24.38
5,4,12,25.07,95.41,386.0,35.95,24.38
5,4,13,24.89,95.92,376.9,34.32,24.38
5,4,14,24.68,95.64,336.5,31.63,24.38
5,4,15,24.77,98.41,275.6,33.17,24.38
5,4,16,25.13,95.56,240.3,32.21,24.38
5,4,17,25.71,95.98,152.1,34.77,24.38
5,4,18,26.38,96.4,79.7,35.99,24.38
5,4,19,26.44,95.2,0.1,35.33,24.38
5,4,20,27.72,94.97,0.0,36.0,24.38
5,4,21,27.87,96.94,1.2,36.52,24.38
5,4,22,29.63,95.49,2.6,38.87,24.38
5,4,23,29.17,96.35,2.4,41.97,24.38
5,5,0,28.8,94.26,0.0,45.04,19.38
5,5,1,29.52,92.89,0.0,44.43,19.38
5,5,2,29.12,93.59,0.0,46.01,19.38
5,5,3,28.34,92.1,0.0,47.6,19.38
5,5,4,28.78,95.55,0.0,46.39,19.38
5,5,5,28.47,93.14,0.0,48.8,19.38
5,5,6,28.55,93.41,1.0,44.96,19.38
5,5,7,26.74,96.72,78.8,44.46,19.38
5,5,8,26.63,96.46,182.4,41.34,19.38
5,5,9,25.93,94.01,225.5,43.58,19.38
5,5,10,24.62,93.37,302.2,42.37,19.38
5,5,11,24.88,93.55,341.9,41.17,19.38
5,5,12,24.42,92.42,348.3,36.62,19.38
5,5,13,24.88,95.19,366.6,37.14,19.38
5,5,14,23.78,95.62,372.0,36.11,19.38
5,5,15,24.72,94.02,278.4,38.78,19.38
5,5,16,24.4,94.43,222.6,33.91,19.38
5,5,17,24.95,93.14,128.2,35.75,19.38
5,5,18,25.06,95.53,81.2,35.84,19.38
5,5,19,26.05,91.99,0.0,35.32,19.38
5,5,20,27.05,93.53,0.0,40.23,19.38
5,5,21,26.88,93.51,0.0,38.47,19.38
5,5,22,27.39,93.24,0.0,41.79,19.38
5,5,23,27.92,94.46,1.0,41.94,19.38
5,6,0,27.75,92.83,0.0,45.6,24.14
5,6,1,27.5,91.8,0.0,43.92,24.14
5,6,2,27.48,93.56,0.0,47.89,24.14
5,6,3,28.02,90.37,1.3,48.83,24.14
5,6,4,27.25,93.95,0.0,47.93,24.14
5,6,5,26.71,90.63,0.0,47.43,24.14
5,6,6,26.63,91.54,0.0,47.52,24.14
5,6,7,26.19,93.59,97.3,48.08,24.14
5,6,8,24.98,94.05,187.7,46.01,24.14
5,6,9,24.81,92.53,249.2,41.95,24.14
5,6,10,23.82,92.72,316.4,43.36,24.14
5,6,11,23.3,92.85,332.6,40.43,24.14
5,6,12,23.87,91.26,401.4,41.53,24.14
5,6,13,23.68,92.63,365.7,37.1,24.14
5,6,14,22.78,94.06,360.6,36.8,24.14
5,6,15,22.95,93.09,256.3,38.84,24.14
5,6,16,23.02,93.03,209.5,36.6,24.14
5,6,17,23.78,93.0,147.8,36.86,24.14
5,6,18,24.46,95.8,103.7,39.95,24.14
5,6,19,24.22,93.56,0.0,37.04,24.14
5,6,20,25.2,95.11,1.9,40.65,24.14
5,6,21,25.45,93.03,0.6,41.76,24.14
5,6,22,25.9,91.98,0.0,43.59,24.14
5,6,23,26.25,93.08,0.3,45.36,24.14
5,7,0,29.82,89.57,0.3,48.83,29.99
5,7,1,29.87,91.34,0.0,50.64,29.99
5,7,2,29.5,89.55,0.0,52.71,29.99
5,7,3,29.11,92.34,0.0,51.03,29.99
5,7,4,29.38,92.84,0.0,49.07,29.99
5,7,5,28.77,92.9,0.0,46.42,29.99
5,7,6,28.33,91.83,0.0,51.07,29.99
5,7,7,27.18,90.18,123.9,47.22,29.99
5,7,8,27.14,92.23,174.5,46.89,29.99
5,7,9,27.15,91.39,195.0,48.06,29.99
5,7,10,25.5,90.7,312.1,44.64,29.99
5,7,11,24.44,92.66,365.9,44.04,29.99
5,7,12,25.29,89.85,373.2,42.75,29.99
5,7,13,24.45,90.94,346.0,41.56,29.99
5,7,14,24.68,93.16,314.6,41.92,29.99
5,7,15,24.93,87.59,290.1,41.96,29.99
5,7,16,25.16,90.28,224.2,40.72,29.99
5,7,17,24.42,90.69,147.9,39.58,29.99
5,7,18,27.03,92.28,79.5,41.66,29.99
5,7,19,27.12,88.16,0.2,42.12,29.99
5,7,20,26.41,90.97,2.2,45.23,29.99
5,7,21,27.57,94.16,0.0,44.71,29.99
5,7,22,27.6,90.54,0.0,46.23,29.99
5,7,23,28.76,89.16,0.0,49.66,29.99
5,8,0,28.56,92.98,0.0,43.71,26.25
5,8,1,28.52,93.92,0.1,45.16,26.25
5,8,2,28.25,96.82,4.8,46.92,26.25
5,8,3,28.17,91.87,0.0,46.67,26.25
5,8,4,27.61,93.35,3.2,47.07,26.25
5,8,5,27.62,93.26,2.4,46.54,26.25
5,8,6,26.78,91.9,0.0,45.53,26.25
5,8,7,27.28,97.03,86.7,43.88,26.25
5,8,8,25.64,93.04,169.7,44.04,26.25
5,8,9,25.27,95.79,209.9,44.82,26.25
5,8,10,24.16,97.49,323.5,41.86,26.25
5,8,11,23.52,92.54,360.4,40.69,26.25
5,8,12,24.06,97.57,356.9,37.68,26.25
5,8,13,23.45,95.98,351.0,38.55,26.25
5,8,14,23.95,91.82,340.8,36.89,26.25
5,8,15,23.41,95.33,286.5,35.68,26.25
5,8,16,23.35,96.41,224.1,38.29,26.25
5,8,17,24.13,95.48,147.4,36.05,26.25
5,8,18,24.9,95.96,84.0,36.83,26.25
5,8,19,25.05,96.7,1.1,36.51,26.25
5,8,20,25.74,93.9,0.0,39.37,26.25
5,8,21,26.29,93.73,0.0,42.94,26.25
5,8,22,26.86,94.34,0.0,41.27,26.25
5,8,23,27.6,94.37,0.2,42.03,26.25
6,1,0,35.99,74.36,0.0,83.08,33.3
6,1,1,35.2,74.08,2.7,85.34,33.3
6,1,2,36.01,75.61,0.0,86.84,33.3
6,1,3,35.85,75.59,2.3,84.14,33.3
6,1,4,36.48,72.95,3.3,84.91,33.3
6,1,5,35.17,72.41,0.0,83.74,33.3
6,1,6,34.46,75.04,1.9,85.12,33.3
6,1,7,34.3,73.6,0.0,86.71,33.3
6,1,8,33.12,77.73,343.0,82.98,33.3
6,1,9,33.36,77.15,551.0,81.19,33.3
6,1,10,32.18,75.75,859.8,80.48,33.3
6,1,11,31.99,77.7,1070.6,79.65,33.3
6,1,12,30.52,71.3,1283.7,77.83,33.3
6,1,13,30.76,75.61,1385.1,78.63,33.3
6,1,14,30.98,74.12,1482.5,75.82,33.3
6,1,15,31.28,74.53,1273.0,75.77,33.3
6,1,16,31.28,75.96,1113.1,72.72,33.3
6,1,17,31.47,76.43,871.8,75.27,33.3
6,1,18,32.7,74.18,537.7,75.9,33.3
6,1,19,32.58,73.79,418.5,77.68,33.3
6,1,20,33.48,75.7,3.6,77.46,33.3
6,1,21,34.29,74.48,0.0,78.3,33.3
6,1,22,34.52,75.78,4.7,79.4,33.3
6,1,23,35.08,75.15,0.8,82.16,33.3
6,2,0,37.96,70.33,1.4,82.22,25.59
6,2,1,38.37,70.07,0.0,82.43,25.59
6,2,2,37.63,70.14,0.0,81.42,25.59
6,2,3,37.97,69.45,0.0,82.52,25.59
6,2,4,37.26,69.34,0.0,84.06,25.59
6,2,5,37.63,69.87,1.7,84.5,25.59
6,2,6,37.02,69.27,0.0,81.32,25.59
6,2,7,37.11,70.58,4.0,86.41,25.59
6,2,8,35.31,68.73,538.3,81.89,25.59
6,2,9,35.36,66.95,569.5,83.64,25.59
6,2,10,35.27,68.31,768.5,77.75,25.59
6,2,11,33.67,66.36,1037.5,80.42,25.59
6,2,12,33.87,71.28,1332.2,76.13,25.59
6,2,13,33.06,68.15,1267.7,75.96,25.59
6,2,14,31.9,70.12,1417.4,75.83,25.59
6,2,15,33.97,69.53,1434.7,75.55,25.59
6,2,16,33.31,68.87,971.8,73.1,25.59
6,2,17,33.91,70.05,839.7,72.75,25.59
6,2,18,33.68,68.33,785.4,75.53,25.59
6,2,19,35.71,67.88,319.4,74.08,25.59
6,2,20,35.85,66.24,0.0,76.07,25.59
6,2,21,35.9,66.04,0.6,78.22,25.59
6,2,22,37.57,67.56,1.5,81.74,25.59
6,2,23,37.84,68.31,0.3,79.76,25.59
6,3,0,35.65,65.36,0.0,75.01,48.66
6,3,1,34.81,66.46,0.0,73.8,48.66
6,3,2,34.9,68.7,0.0,74.25,48.66
6,3,3,34.98,68.74,0.0,76.45,48.66
6,3,4,35.07,65.03,1.0,77.89,48.66
6,3,5,34.43,69.16,0.0,78.84,48.66
6,3,6,34.19,67.14,0.0,76.49,48.66
6,3,7,34.1,66.03,0.0,77.41,48.66
6,3,8,32.54,69.0,480.7,74.21,48.66
6,3,9,32.51,65.92,612.3,73.91,48.66
6,3,10,31.79,66.68,678.9,73.07,48.66
6,3,11,30.0,67.17,1110.3,71.31,48.66
6,3,12,31.6,69.18,1209.8,69.86,48.66
6,3,13,30.35,65.27,1322.8,67.94,48.66
6,3,14,29.26,67.72,1394.6,65.48,48.66
6,3,15,30.57,68.72,1335.2,67.0,48.66
6,3,16,30.92,68.67,1153.9,66.08,48.66
6,3,17,31.17,69.44,850.6,70.63,48.66
6,3,18,31.3,67.7,599.4,68.32,48.66
6,3,19,31.3,66.83,353.5,68.99,48.66
6,3,20,33.33,68.62,0.0,72.88,48.66
6,3,21,33.64,66.48,0.3,71.29,48.66
6,3,22,33.78,67.94,0.0,71.71,48.66
6,3,23,34.3,65.5,0.3,74.49,48.66
6,4,0,35.11,65.63,0.6,76.31,47.5
6,4,1,36.45,64.57,2.7,79.58,47.5
6,4,2,36.33,62.49,0.0,78.28,47.5
6,4,3,36.61,63.12,0.0,81.66,47.5
6,4,4,35.76,62.85,1.6,78.98,47.5
6,4,5,34.71,65.36,0.0,78.96,47.5
6,4,6,34.84,64.15,0.0,77.89,47.5
6,4,7,34.83,65.7,0.0,78.98,47.5
6,4,8,33.22,63.24,337.4,76.72,47.5
6,4,9,33.44,64.2,549.9,76.81,47.5
6,4,10,31.93,63.69,867.2,74.86,47.5
6,4,11,31.57,61.53,1065.6,70.4,47.5
6,4,12,31.29,65.57,1298.4,68.53,47.5
6,4,13,31.24,63.32,1299.1,71.03,47.5
6,4,14,30.81,63.07,1421.1,68.79,47.5
6,4,15,31.19,62.91,1280.9,70.72,47.5
6,4,16,31.94,61.24,1185.1,71.16,47.5
6,4,17,32.58,64.58,817.9,70.18,47.5
6,4,18,31.89,63.29,674.3,68.52,47.5
6,4,19,32.37,64.5,563.3,72.39,47.5
6,4,20,33.96,65.27,1.3,72.24,47.5
6,4,21,34.71,61.75,0.4,72.65,47.5
6,4,22,34.92,63.11,1.0,72.83,47.5
6,4,23,35.14,62.82,1.7,75.34,47.5
6,5,0,37.33,72.77,2.9,76.37,33.03
6,5,1,37.1,71.31,0.5,76.53,33.03
6,5,2,36.92,72.53,1.7,74.46,33.03
6,5,3,37.51,73.81,1.0,77.45,33.03
6,5,4,37.24,72.98,0.0,78.79,33.03
6,5,5,36.77,74.67,0.0,77.0,33.03
6,5,6,35.88,73.68,2.7,76.86,33.03
6,5,7,34.98,74.91,2.7,74.7,33.03
6,5,8,35.87,74.72,433.5,77.76,33.03
6,5,9,34.71,73.93,645.1,74.74,33.03
6,5,10,34.16,75.89,719.3,74.25,33.03
6,5,11,32.99,74.3,1052.5,71.9,33.03
6,5,12,33.44,72.05,1134.0,67.66,33.03
6,5,13,32.96,72.93,1398.8,69.35,33.03
6,5,14,31.89,75.37,1403.2,68.37,33.03
6,5,15,32.54,75.18,1251.1,69.54,33.03
6,5,16,33.4,71.96,1151.9,67.6,33.03
6,5,17,33.43,72.27,1008.4,65.82,33.03
6,5,18,33.49,74.75,598.5,67.46,33.03
6,5,19,34.34,74.21,431.4,70.81,33.03
6,5,20,34.69,74.57,0.0,69.29,33.03
6,5,21,35.4,73.35,0.0,73.51,33.03
6,5,22,36.04,73.1,0.1,73.22,33.03
6,5,23,36.1,73.65,0.0,74.1,33.03
6,6,0,36.5,84.66,0.0,83.77,23.52
6,6,1,36.55,83.29,0.0,83.07,23.52
6,6,2,36.02,85.37,2.7,84.62,23.52
6,6,3,36.55,84.88,1.9,85.63,23.52
6,6,4,36.48,83.14,0.0,88.2,23.52
6,6,5,34.84,84.35,0.0,87.01,23.52
6,6,6,34.05,85.39,0.0,86.34,23.52
6,6,7,33.78,85.98,0.0,87.4,23.52
6,6,8,33.28,85.37,477.5,82.07,23.52
6,6,9,33.57,84.74,606.4,80.89,23.52
6,6,10,31.45,85.98,842.0,78.48,23.52
6,6,11,31.44,87.16,1086.1,78.57,23.52
6,6,12,30.89,88.28,1153.5,77.86,23.52
6,6,13,30.2,87.33,1388.9,77.19,23.52
6,6,14,32.23,84.46,1536.2,75.54,23.52
6,6,15,30.82,89.31,1307.7,73.56,23.52
6,6,16,31.33,85.1,1158.2,75.25,23.52
6,6,17,32.7,86.19,816.7,75.81,23.52
6,6,18,31.73,84.98,582.6,79.28,23.52
6,6,19,32.4,86.39,408.0,75.18,23.52
6,6,20,33.5,85.96,1.1,74.02,23.52
6,6,21,33.44,86.79,0.0,79.46,23.52
6,6,22,34.05,86.45,1.9,81.55,23.52
6,6,23,35.72,87.7,0.0,80.56,23.52
6,7,0,34.38,84.27,0.0,75.43,29.53
6,7,1,34.99,86.06,1.9,77.98,29.53
6,7,2,35.02,85.4,1.0,79.9,29.53
6,7,3,35.09,84.99,0.0,76.32,29.53
6,7,4,35.11,86.56,1.2,78.47,29.53
6,7,5,35.07,84.97,1.9,78.43,29.53
6,7,6,33.54,86.59,0.8,78.52,29.53
6,7,7,33.27,85.64,4.8,78.97,29.53
6,7,8,32.93,85.87,431.6,76.94,29.53
6,7,9,31.92,85.24,553.1,70.2,29.53
6,7,10,31.39,84.97,909.5,73.69,29.53
6,7,11,30.17,85.62,969.4,73.07,29.53
6,7,12,30.5,87.13,1200.1,71.21,29.53
6,7,13,29.42,86.75,1426.2,70.87,29.53
6,7,14,30.01,86.32,1526.0,68.9,29.53
6,7,15,30.17,84.07,1257.5,68.98,29.53
6,7,16,30.91,85.31,1115.4,68.05,29.53
6,7,17,30.49,86.14,786.8,70.75,29.53
6,7,18,30.96,86.78,557.1,70.33,29.53
6,7,19,32.24,86.27,360.5,70.5,29.53
6,7,20,31.97,85.32,2.1,72.35,29.53
6,7,21,33.23,84.24,1.3,72.39,29.53
6,7,22,32.68,86.87,0.0,75.46,29.53
6,7,23,33.82,80.93,0.6,75.39,29.53
6,8,0,33.35,85.08,0.0,74.29,40.39
6,8,1,33.19,82.12,0.0,75.21,40.39
6,8,2,33.7,82.69,4.3,79.33,40.39
6,8,3,33.26,79.83,0.0,77.65,40.39
6,8,4,32.95,81.68,3.2,76.87,40.39
6,8,5,33.31,81.5,0.0,76.58,40.39
6,8,6,32.11,84.63,0.0,77.03,40.39
6,8,7,31.65,83.52,0.0,77.09,40.39
6,8,8,30.7,84.63,358.2,72.76,40.39
6,8,9,30.85,82.6,437.7,74.05,40.39
6,8,10,30.4,84.82,769.8,72.47,40.39
6,8,11,29.39,85.13,986.1,70.26,40.39
6,8,12,28.54,80.72,1273.7,72.16,40.39
6,8,13,28.61,81.57,1402.7,69.6,40.39
6,8,14,28.54,85.0,1354.7,67.49,40.39
6,8,15,28.86,83.49,1322.4,65.51,40.39
6,8,16,30.13,82.54,1140.0,68.18,40.39
6,8,17,29.05,82.98,844.9,68.05,40.39
6,8,18,29.76,83.3,572.9,66.68,40.39
6,8,19,29.83,81.83,248.5,68.26,40.39
6,8,20,30.9,83.12,0.1,71.64,40.39
6,8,21,33.13,84.6,0.0,70.22,40.39
6,8,22,32.88,80.37,0.0,71.9,40.39
6,8,23,33.27,83.82,0.0,72.93,40.39
7,1,0,22.39,60.97,0.0,79.87,65.96
7,1,1,22.65,62.79,0.0,79.41,65.96
7,1,2,23.65,63.71,0.0,80.36,65.96
7,1,3,22.67,62.24,1.3,83.78,65.96
7,1,4,22.56,61.07,0.5,81.32,65.96
7,1,5,21.94,64.79,1.7,82.62,65.96
7,1,6,20.78,63.12,2.1,81.32,65.96
7,1,7,21.18,64.74,3.3,81.55,65.96
7,1,8,19.82,64.92,192.6,79.3,65.96
7,1,9,18.32,63.16,244.6,78.64,65.96
7,1,10,18.18,59.51,460.0,79.24,65.96
7,1,11,16.61,63.62,530.4,78.11,65.96
7,1,12,16.73,60.7,632.5,74.75,65.96
7,1,13,15.9,61.71,693.2,75.58,65.96
7,1,14,15.36,60.8,581.5,73.88,65.96
7,1,15,15.98,64.68,521.6,74.18,65.96
7,1,16,16.4,60.72,366.0,74.15,65.96
7,1,17,16.82,63.56,240.2,71.18,65.96
7,1,18,17.57,63.26,130.2,72.87,65.96
7,1,19,18.07,64.48,0.0,76.2,65.96
7,1,20,20.29,62.68,0.0,71.93,65.96
7,1,21,19.77,60.74,2.8,76.44,65.96
7,1,22,21.61,59.47,0.0,78.89,65.96
7,1,23,22.35,62.58,1.1,81.3,65.96
7,2,0,20.52,61.98,0.0,84.81,50.41
7,2,1,21.39,64.99,0.0,89.54,50.41
7,2,2,21.01,63.1,0.0,88.21,50.41
7,2,3,20.75,61.07,2.7,92.69,50.41
7,2,4,20.7,64.16,0.0,90.43,50.41
7,2,5,20.29,62.74,0.0,90.78,50.41
7,2,6,19.87,62.51,0.1,90.99,50.41
7,2,7,18.89,62.22,0.0,89.74,50.41
7,2,8,16.78,62.0,99.4,85.9,50.41
7,2,9,15.68,63.89,286.2,85.32,50.41
7,2,10,15.93,63.8,427.2,85.64,50.41
7,2,11,15.01,63.67,515.3,84.67,50.41
7,2,12,14.17,59.9,643.0,86.5,50.41
7,2,13,13.48,63.76,610.5,82.58,50.41
7,2,14,14.54,61.54,593.4,78.89,50.41
7,2,15,13.58,59.46,510.1,82.34,50.41
7,2,16,14.18,62.75,361.8,82.03,50.41
7,2,17,14.96,59.34,280.4,80.5,50.41
7,2,18,15.05,61.66,90.4,79.71,50.41
7,2,19,16.67,62.66,0.6,82.39,50.41
7,2,20,17.23,62.24,0.0,80.98,50.41
7,2,21,18.17,63.65,3.2,85.6,50.41
7,2,22,20.24,62.45,3.5,89.0,50.41
7,2,23,19.39,62.65,0.2,86.58,50.41
7,3,0,20.79,60.57,0.0,82.18,52.01
7,3,1,22.02,61.11,1.8,78.98,52.01
7,3,2,21.82,61.73,2.1,82.21,52.01
7,3,3,22.2,61.75,0.8,82.26,52.01
7,3,4,21.18,61.7,0.0,82.25,52.01
7,3,5,20.86,65.44,0.0,79.85,52.01
7,3,6,20.25,62.41,3.3,80.57,52.01
7,3,7,18.61,62.86,0.0,80.01,52.01
7,3,8,18.29,61.53,200.3,78.6,52.01
7,3,9,17.3,61.61,290.6,78.57,52.01
7,3,10,16.74,62.9,423.5,77.81,52.01
7,3,11,14.95,61.71,545.6,76.93,52.01
7,3,12,14.79,60.64,595.5,75.43,52.01
7,3,13,15.27,61.02,666.4,73.78,52.01
7,3,14,14.57,61.31,617.7,73.29,52.01
7,3,15,15.89,60.35,512.9,71.5,52.01
7,3,16,14.7,61.62,376.6,76.5,52.01
7,3,17,15.65,59.94,259.1,69.19,52.01
7,3,18,16.48,61.66,176.5,74.26,52.01
7,3,19,17.18,61.41,0.0,71.9,52.01
7,3,20,18.57,59.72,0.0,73.13,52.01
7,3,21,19.67,64.33,0.0,73.05,52.01
7,3,22,20.25,61.66,0.4,76.46,52.01
7,3,23,21.0,62.18,2.1,75.49,52.01
7,4,0,20.46,63.65,0.0,74.68,36.96
7,4,1,21.17,62.42,0.0,77.48,36.96
7,4,2,21.21,61.26,2.0,82.45,36.96
7,4,3,20.1,63.33,0.2,81.38,36.96
7,4,4,20.93,61.58,1.5,78.88,36.96
7,4,5,19.58,62.71,0.0,80.26,36.96
7,4,6,19.2,57.99,0.0,79.3,36.96
7,4,7,18.07,57.67,2.6,78.26,36.96
7,4,8,17.51,60.78,195.2,79.72,36.96
7,4,9,15.94,63.99,298.5,74.46,36.96
7,4,10,16.5,62.08,432.6,74.06,36.96
7,4,11,14.21,61.74,580.7,72.71,36.96
7,4,12,14.0,63.67,604.2,72.73,36.96
7,4,13,14.07,61.19,647.3,71.92,36.96
7,4,14,13.3,62.71,576.4,69.13,36.96
7,4,15,12.87,60.73,470.3,69.04,36.96
7,4,16,14.31,58.9,309.2,68.34,36.96
7,4,17,14.84,61.92,226.0,71.39,36.96
7,4,18,15.07,62.18,139.6,68.84,36.96
7,4,19,16.01,62.59,0.7,72.38,36.96
7,4,20,17.47,59.07,4.2,72.53,36.96
7,4,21,18.53,60.92,2.2,71.53,36.96
7,4,22,19.49,58.37,1.4,72.85,36.96
7,4,23,20.11,63.52,1.6,77.6,36.96
7,5,0,21.36,58.25,2.6,83.84,57.49
7,5,1,22.52,60.77,1.4,85.55,57.49
7,5,2,22.51,59.16,1.7,86.76,57.49
7,5,3,22.35,61.25,0.0,85.15,57.49
7,5,4,21.73,58.16,0.0,88.45,57.49
7,5,5,21.1,59.91,0.0,86.03,57.49
7,5,6,19.96,59.3,0.0,86.74,57.49
7,5,7,19.92,57.83,2.2,85.45,57.49
7,5,8,18.92,59.61,161.8,84.42,57.49
7,5,9,18.08,57.01,268.6,82.51,57.49
7,5,10,17.06,61.42,386.4,80.85,57.49
7,5,11,15.89,58.42,519.2,81.46,57.49
7,5,12,15.01,60.27,559.5,78.25,57.49
7,5,13,15.0,62.14,628.6,74.76,57.49
7,5,14,14.03,59.68,613.4,77.83,57.49
7,5,15,15.25,61.37,479.1,78.11,57.49
7,5,16,14.72,58.27,314.5,76.18,57.49
7,5,17,16.12,59.8,252.4,75.37,57.49
7,5,18,16.83,57.38,194.6,76.81,57.49
7,5,19,17.6,62.01,0.0,76.37,57.49
7,5,20,18.27,59.53,0.9,80.2,57.49
7,5,21,21.09,56.25,1.2,79.47,57.49
7,5,22,20.42,58.7,0.0,84.12,57.49
7,5,23,21.92,59.66,2.7,80.62,57.49
7,6,0,19.07,85.9,0.0,78.48,19.46
7,6,1,19.52,86.77,0.0,78.78,19.46
7,6,2,18.93,85.08,1.1,79.24,19.46
7,6,3,18.97,85.68,0.0,81.33,19.46
7,6,4,18.91,87.35,0.0,78.99,19.46
7,6,5,18.03,86.99,0.0,80.57,19.46
7,6,6,17.44,82.71,0.0,77.34,19.46
7,6,7,16.73,83.89,1.9,78.17,19.46
7,6,8,15.65,86.66,209.0,77.25,19.46
7,6,9,14.37,83.01,263.9,75.14,19.46
7,6,10,13.89,85.16,432.9,73.86,19.46
7,6,11,13.03,87.45,541.2,73.39,19.46
7,6,12,12.15,84.72,586.6,71.46,19.46
7,6,13,12.45,85.34,594.3,73.89,19.46
7,6,14,12.1,83.56,579.7,70.61,19.46
7,6,15,12.93,84.01,527.5,72.05,19.46
7,6,16,12.14,85.26,339.1,69.47,19.46
7,6,17,13.04,86.66,285.2,68.82,19.46
7,6,18,12.86,85.64,160.5,70.82,19.46
7,6,19,14.59,85.86,3.0,71.81,19.46
7,6,20,15.55,84.92,0.0,74.73,19.46
7,6,21,16.62,85.64,0.0,75.13,19.46
7,6,22,18.61,86.35,0.2,74.83,19.46
7,6,23,17.22,86.79,0.3,76.71,19.46
7,7,0,22.43,91.61,0.0,77.26,25.39
7,7,1,21.5,95.93,1.4,80.07,25.39
7,7,2,22.81,91.45,0.0,81.33,25.39
7,7,3,22.07,89.73,0.0,80.35,25.39
7,7,4,22.28,94.62,1.3,81.13,25.39
7,7,5,22.21,91.25,1.0,81.51,25.39
7,7,6,20.21,91.27,0.0,79.08,25.39
7,7,7,20.29,92.6,0.0,78.36,25.39
7,7,8,19.49,93.55,172.6,78.07,25.39
7,7,9,18.6,92.4,327.8,77.35,25.39
7,7,10,16.96,97.28,377.3,75.21,25.39
7,7,11,15.64,94.95,584.2,76.95,25.39
7,7,12,16.26,93.23,602.1,70.73,25.39
7,7,13,16.29,94.23,621.7,74.19,25.39
7,7,14,14.66,94.14,588.3,72.37,25.39
7,7,15,15.24,91.35,498.8,72.48,25.39
7,7,16,15.64,94.69,338.8,70.7,25.39
7,7,17,15.94,94.65,251.4,71.94,25.39
7,7,18,17.58,94.56,159.9,69.91,25.39
7,7,19,17.95,92.73,0.0,71.64,25.39
7,7,20,18.44,90.59,0.0,73.53,25.39
7,7,21,19.24,93.55,3.8,75.98,25.39
7,7,22,21.65,94.11,2.3,74.65,25.39
7,7,23,21.29,89.42,2.4,79.34,25.39
7,8,0,22.28,93.8,0.0,79.38,12.7
7,8,1,22.32,92.84,3.2,78.46,12.7
7,8,2,22.12,94.48,0.2,78.11,12.7
7,8,3,22.17,92.7,1.7,80.91,12.7
7,8,4,21.74,91.75,0.0,82.31,12.7
7,8,5,20.71,93.27,0.0,78.91,12.7
7,8,6,20.27,93.58,4.0,79.5,12.7
7,8,7,19.37,91.45,1.2,79.99,12.7
7,8,8,19.16,94.99,189.5,77.65,12.7
7,8,9,17.54,93.16,316.2,78.39,12.7
7,8,10,16.37,91.13,453.5,76.73,12.7
7,8,11,15.57,94.14,532.7,76.54,12.7
7,8,12,14.17,92.73,664.8,74.2,12.7
7,8,13,15.64,91.49,671.6,73.84,12.7
7,8,14,13.78,92.88,590.4,69.1,12.7
7,8,15,14.62,94.63,483.9,71.39,12.7
7,8,16,15.26,93.31,349.7,71.84,12.7
7,8,17,14.94,93.34,294.6,70.35,12.7
7,8,18,16.16,94.41,156.4,72.64,12.7
7,8,19,17.45,89.74,2.4,75.42,12.7
7,8,20,19.06,88.01,0.9,72.65,12.7
7,8,21,18.85,93.51,0.0,75.32,12.7
7,8,22,20.34,91.64,0.0,74.75,12.7
7,8,23,20.24,91.27,0.0,79.28,12.7
8,1,0,19.45,51.95,0.1,61.86,47.0
8,1,1,19.5,49.15,1.9,64.25,47.0
8,1,2,19.35,55.13,0.2,63.04,47.0
8,1,3,20.1,52.88,0.8,64.46,47.0
8,1,4,19.69,51.89,1.1,62.41,47.0
8,1,5,18.92,54.86,0.0,64.19,47.0
8,1,6,18.48,50.46,0.0,64.25,47.0
8,1,7,18.27,52.2,0.0,63.87,47.0
8,1,8,18.18,51.99,517.5,62.35,47.0
8,1,9,17.42,54.4,801.8,61.71,47.0
8,1,10,16.8,50.79,1192.4,58.07,47.0
8,1,11,15.32,52.83,1474.5,59.28,47.0
8,1,12,15.87,50.82,1755.5,55.92,47.0
8,1,13,16.37,50.25,1863.0,55.17,47.0
8,1,14,15.89,51.78,1797.5,57.22,47.0
8,1,15,15.69,53.06,1570.6,53.33,47.0
8,1,16,15.93,51.8,1434.3,55.15,47.0
8,1,17,16.31,49.85,1221.8,55.19,47.0
8,1,18,16.98,51.03,756.0,53.98,47.0
8,1,19,17.36,51.75,467.5,57.78,47.0
8,1,20,17.05,51.25,0.9,60.92,47.0
8,1,21,18.14,53.17,0.0,61.89,47.0
8,1,22,17.83,52.42,0.0,56.51,47.0
8,1,23,19.28,52.49,0.0,61.4,47.0
8,2,0,21.33,43.95,0.0,66.01,42.61
8,2,1,20.52,43.7,0.0,65.75,42.61
8,2,2,20.8,48.22,0.0,66.44,42.61
8,2,3,20.11,47.6,0.1,65.32,42.61
8,2,4,21.15,44.65,0.0,65.45,42.61
8,2,5,20.96,48.11,0.0,66.13,42.61
8,2,6,20.55,45.79,0.0,66.49,42.61
8,2,7,19.28,48.21,1.3,67.91,42.61
8,2,8,17.72,45.41,634.2,62.56,42.61
8,2,9,17.32,50.01,708.1,62.49,42.61
8,2,10,17.52,49.17,1014.1,62.34,42.61
8,2,11,16.68,48.15,1425.2,62.78,42.61
8,2,12,16.34,43.52,1685.3,58.83,42.61
8,2,13,17.13,45.32,1764.6,59.62,42.61
8,2,14,15.83,46.94,1831.5,57.72,42.61
8,2,15,16.21,45.82,1694.8,55.55,42.61
8,2,16,16.11,49.05,1421.2,59.37,42.61
8,2,17,17.51,45.31,1052.7,55.37,42.61
8,2,18,16.72,46.54,819.6,57.8,42.61
8,2,19,17.35,46.49,451.3,55.65,42.61
8,2,20,18.94,46.87,0.0,57.05,42.61
8,2,21,19.67,46.64,2.4,62.78,42.61
8,2,22,20.13,46.41,0.0,62.19,42.61
8,2,23,21.09,47.16,0.0,62.0,42.61
8,3,0,20.16,59.02,0.0,60.87,65.72
8,3,1,19.49,56.75,2.2,62.08,65.72
8,3,2,20.19,59.04,1.0,65.54,65.72
8,3,3,20.4,56.72,0.0,63.97,65.72
8,3,4,20.61,55.89,0.5,61.88,65.72
8,3,5,19.5,59.58,1.5,62.04,65.72
8,3,6,19.27,57.51,5.8,62.98,65.72
8,3,7,18.43,60.3,2.7,64.45,65.72
8,3,8,19.36,59.37,538.6,60.42,65.72
8,3,9,17.64,57.71,978.1,59.52,65.72
8,3,10,17.77,59.33,1086.8,55.65,65.72
8,3,11,16.24,57.67,1523.5,55.96,65.72
8,3,12,16.88,57.52,1784.1,55.9,65.72
8,3,13,17.19,56.85,2090.0,53.8,65.72
8,3,14,15.58,57.99,2152.3,55.24,65.72
8,3,15,16.62,59.51,1590.6,53.89,65.72
8,3,16,16.53,61.03,1364.9,52.66,65.72
8,3,17,16.27,58.52,1071.2,51.6,65.72
8,3,18,17.51,58.66,822.6,55.72,65.72
8,3,19,17.83,56.76,386.4,57.34,65.72
8,3,20,18.4,60.93,1.0,56.86,65.72
8,3,21,19.32,56.48,0.6,55.08,65.72
8,3,22,19.21,59.27,0.0,59.07,65.72
8,3,23,19.03,60.03,0.0,57.98,65.72
8,4,0,20.18,80.64,0.0,57.7,37.52
8,4,1,19.9,83.86,1.6,58.85,37.52
8,4,2,20.36,80.72,0.0,61.68,37.52
8,4,3,19.02,82.38,0.0,59.25,37.52
8,4,4,19.35,81.15,0.0,59.24,37.52
8,4,5,18.95,78.07,0.0,58.92,37.52
8,4,6,18.95,83.87,0.0,57.65,37.52
8,4,7,18.01,81.15,1.2,59.49,37.52
8,4,8,18.25,82.38,545.3,60.44,37.52
8,4,9,17.12,81.09,983.4,57.0,37.52
8,4,10,15.68,80.93,1271.9,52.84,37.52
8,4,11,16.75,81.51,1622.5,52.53,37.52
8,4,12,16.54,81.16,1926.5,56.54,37.52
8,4,13,16.61,81.64,2100.6,52.23,37.52
8,4,14,15.31,80.86,1918.3,51.77,37.52
8,4,15,15.28,79.28,1631.0,50.83,37.52
8,4,16,16.38,81.14,1296.4,52.47,37.52
8,4,17,15.84,82.88,1113.3,51.95,37.52
8,4,18,16.58,80.71,732.1,49.82,37.52
8,4,19,17.41,83.29,342.4,50.34,37.52
8,4,20,17.45,80.78,0.0,53.52,37.52
8,4,21,18.39,81.38,0.8,53.93,37.52
8,4,22,19.22,80.74,3.3,58.67,37.52
8,4,23,19.65,81.27,1.2,54.5,37.52
8,5,0,18.89,93.99,0.0,63.64,8.95
8,5,1,19.21,94.14,0.0,63.66,8.95
8,5,2,18.99,92.78,0.0,65.2,8.95
8,5,3,19.92,91.61,0.0,63.22,8.95
8,5,4,19.96,95.37,0.0,65.79,8.95
8,5,5,18.74,93.08,0.1,67.1,8.95
8,5,6,18.22,94.71,0.0,62.02,8.95
8,5,7,18.24,93.49,0.0,64.82,8.95
8,5,8,16.62,93.24,697.0,65.36,8.95
8,5,9,16.97,91.31,982.9,62.14,8.95
8,5,10,16.41,92.54,1122.8,59.03,8.95
8,5,11,16.38,92.61,1469.3,59.22,8.95
8,5,12,15.16,92.9,1601.6,57.21,8.95
8,5,13,14.72,94.8,1757.4,53.35,8.95
8,5,14,15.44,96.03,1913.6,52.33,8.95
8,5,15,15.02,92.87,1874.5,53.31,8.95
8,5,16,15.43,95.75,1393.5,56.13,8.95
8,5,17,15.86,93.31,1167.8,54.5,8.95
8,5,18,17.22,94.04,628.8,55.19,8.95
8,5,19,17.64,94.47,461.0,53.18,8.95
8,5,20,16.79,91.09,0.0,56.48,8.95
8,5,21,17.49,95.0,0.0,56.2,8.95
8,5,22,18.77,94.92,4.1,60.42,8.95
8,5,23,19.94,91.64,4.3,58.05,8.95
8,6,0,18.91,88.16,0.0,62.46,13.52
8,6,1,19.71,89.9,0.0,64.26,13.52
8,6,2,19.44,89.46,0.0,62.82,13.52
8,6,3,19.52,89.0,0.6,62.19,13.52
8,6,4,18.81,86.22,0.0,64.36,13.52
8,6,5,18.26,90.03,0.0,63.27,13.52
8,6,6,18.04,88.54,2.7,63.63,13.52
8,6,7,17.34,90.7,1.1,62.4,13.52
8,6,8,16.26,91.46,517.9,59.87,13.52
8,6,9,17.89,90.4,824.6,55.89,13.52
8,6,10,16.77,87.93,1095.8,57.4,13.52
8,6,11,16.36,91.11,1495.9,57.07,13.52
8,6,12,15.02,90.16,1766.7,56.86,13.52
8,6,13,15.6,90.69,1847.3,55.48,13.52
8,6,14,15.0,88.33,1808.4,53.7,13.52
8,6,15,15.57,89.68,1549.1,53.16,13.52
8,6,16,15.38,90.23,1462.0,54.43,13.52
8,6,17,15.35,89.03,945.4,54.12,13.52
8,6,18,16.8,89.48,704.1,55.77,13.52
8,6,19,16.83,90.61,352.4,55.38,13.52
8,6,20,16.65,88.25,0.0,54.52,13.52
8,6,21,17.54,87.79,1.9,58.3,13.52
8,6,22,17.17,91.42,0.0,59.19,13.52
8,6,23,18.54,89.99,0.0,61.01,13.52
8,7,0,18.71,92.08,0.0,64.09,28.87
8,7,1,19.53,89.46,0.0,62.95,28.87
8,7,2,19.99,88.26,0.3,62.14,28.87
8,7,3,19.06,90.46,0.0,66.03,28.87
8,7,4,19.21,88.42,0.0,64.39,28.87
8,7,5,18.59,90.17,0.0,67.67,28.87
8,7,6,18.51,87.91,1.9,65.39,28.87
8,7,7,17.04,87.22,0.0,61.29,28.87
8,7,8,18.37,90.01,570.4,62.11,28.87
8,7,9,16.49,85.83,697.5,64.27,28.87
8,7,10,17.08,87.91,1276.2,60.89,28.87
8,7,11,16.18,86.64,1340.1,60.61,28.87
8,7,12,14.55,88.55,1725.1,56.94,28.87
8,7,13,15.49,87.76,1918.9,56.8,28.87
8,7,14,16.31,86.7,1849.2,56.44,28.87
8,7,15,15.2,86.77,1781.9,55.8,28.87
8,7,16,14.9,89.43,1535.8,55.07,28.87
8,7,17,15.86,91.13,952.0,57.89,28.87
8,7,18,16.78,87.39,663.9,55.01,28.87
8,7,19,15.88,89.17,381.8,57.04,28.87
8,7,20,16.68,90.16,1.5,56.57,28.87
8,7,21,18.04,88.9,3.0,57.28,28.87
8,7,22,18.29,87.81,0.1,60.93,28.87
8,7,23,18.47,88.23,1.9,63.46,28.87
8,8,0,20.63,87.41,0.0,60.44,25.56
8,8,1,19.78,89.45,2.7,60.01,25.56
8,8,2,19.94,83.27,0.0,59.49,25.56
8,8,3,20.25,86.71,0.0,61.58,25.56
8,8,4,20.23,87.99,0.0,61.98,25.56
8,8,5,18.96,88.55,1.6,60.65,25.56
8,8,6,18.84,86.51,0.0,62.01,25.56
8,8,7,18.59,88.66,0.0,59.78,25.56
8,8,8,17.43,85.69,460.1,61.17,25.56
8,8,9,17.3,87.39,825.1,56.56,25.56
8,8,10,17.07,88.1,1076.5,58.39,25.56
8,8,11,16.3,86.48,1560.9,54.88,25.56
8,8,12,16.41,86.73,1772.0,51.1,25.56
8,8,13,15.27,88.12,1979.4,52.27,25.56
8,8,14,16.0,87.64,1911.9,49.8,25.56
8,8,15,15.74,86.7,1729.6,56.09,25.56
8,8,16,16.28,85.09,1413.1,54.15,25.56
8,8,17,16.78,85.84,1134.0,53.34,25.56
8,8,18,16.64,87.77,821.1,54.61,25.56
8,8,19,17.62,86.66,580.6,51.82,25.56
8,8,20,18.41,85.15,2.1,54.28,25.56
8,8,21,19.36,87.94,0.0,58.01,25.56
8,8,22,20.0,88.52,0.0,56.71,25.56
8,8,23,19.72,86.14,3.4,58.68,25.56
9,1,0,28.47,44.85,1.2,49.79,46.68
9,1,1,29.15,46.17,0.0,51.92,46.68
9,1,2,29.29,45.38,1.8,51.09,46.68
9,1,3,28.7,43.81,0.0,50.41,46.68
9,1,4,27.06,46.34,0.0,55.63,46.68
9,1,5,28.63,43.94,1.2,53.75,46.68
9,1,6,27.16,44.53,0.0,53.59,46.68
9,1,7,26.7,44.41,0.0,52.0,46.68
9,1,8,27.19,44.19,209.4,51.5,46.68
9,1,9,26.37,44.04,292.7,49.49,46.68
9,1,10,23.52,42.92,420.7,49.06,46.68
9,1,11,23.81,44.88,563.1,46.94,46.68
9,1,12,24.4,45.44,674.7,45.02,46.68
9,1,13,24.29,45.25,711.9,45.08,46.68
9,1,14,23.1,43.1,766.2,44.02,46.68
9,1,15,23.95,43.94,731.0,42.7,46.68
9,1,16,24.56,40.27,627.0,45.6,46.68
9,1,17,24.72,46.45,418.7,41.59,46.68
9,1,18,25.27,46.88,310.2,43.37,46.68
9,1,19,25.87,42.37,251.2,40.73,46.68
9,1,20,26.61,43.06,0.0,46.76,46.68
9,1,21,27.28,44.54,1.9,44.44,46.68
9,1,22,27.81,43.37,1.8,49.31,46.68
9,1,23,28.63,47.02,2.3,49.34,46.68
9,2,0,26.8,42.83,0.0,52.84,52.94
9,2,1,27.97,43.11,0.0,50.51,52.94
9,2,2,28.07,45.35,0.0,55.04,52.94
9,2,3,27.01,43.85,0.0,53.73,52.94
9,2,4,27.14,42.57,0.8,53.08,52.94
9,2,5,26.9,43.1,0.0,57.57,52.94
9,2,6,26.11,42.16,0.0,57.07,52.94
9,2,7,26.17,41.76,2.2,53.88,52.94
9,2,8,25.32,42.65,131.4,53.05,52.94
9,2,9,24.22,45.89,214.8,53.64,52.94
9,2,10,23.79,43.61,430.6,49.1,52.94
9,2,11,23.72,39.1,514.6,47.37,52.94
9,2,12,22.24,42.84,691.4,48.6,52.94
9,2,13,22.72,42.17,781.3,46.7,52.94
9,2,14,22.97,44.33,793.3,44.37,52.94
9,2,15,22.27,42.34,733.0,45.62,52.94
9,2,16,23.22,43.09,639.9,45.26,52.94
9,2,17,23.03,41.78,429.8,44.17,52.94
9,2,18,24.08,42.11,346.0,46.42,52.94
9,2,19,24.76,41.55,270.0,48.2,52.94
9,2,20,24.63,41.93,2.4,47.33,52.94
9,2,21,24.78,41.07,0.0,47.01,52.94
9,2,22,26.33,43.21,2.9,49.61,52.94
9,2,23,27.63,45.31,2.9,51.77,52.94
9,3,0,27.23,40.06,2.1,49.94,34.8
9,3,1,26.86,41.07,2.8,50.18,34.8
9,3,2,26.79,36.24,0.5,49.83,34.8
9,3,3,26.53,36.21,0.0,51.67,34.8
9,3,4,27.82,39.31,0.0,52.12,34.8
9,3,5,26.84,39.69,0.0,52.94,34.8
9,3,6,26.55,38.71,0.0,52.26,34.8
9,3,7,25.13,36.32,0.0,48.89,34.8
9,3,8,25.12,37.95,169.2,48.31,34.8
9,3,9,23.85,37.05,261.5,47.58,34.8
9,3,10,23.65,39.01,389.8,44.29,34.8
9,3,11,23.43,38.46,546.3,47.66,34.8
9,3,12,22.92,39.25,676.0,44.03,34.8
9,3,13,22.31,39.19,834.5,46.73,34.8
9,3,14,22.25,35.35,754.3,44.94,34.8
9,3,15,22.55,39.22,738.9,39.94,34.8
9,3,16,23.3,37.35,668.2,39.6,34.8
9,3,17,22.78,40.07,489.5,41.17,34.8
9,3,18,23.45,36.58,295.0,43.29,34.8
9,3,19,23.89,39.64,274.8,44.81,34.8
9,3,20,23.98,37.54,1.1,44.88,34.8
9,3,21,26.61,37.22,2.3,45.82,34.8
9,3,22,25.32,37.76,0.5,43.99,34.8
9,3,23,25.66,35.94,0.5,47.12,34.8
9,4,0,27.91,43.26,0.0,43.21,58.36
9,4,1,27.25,48.26,0.0,44.72,58.36
9,4,2,28.92,46.59,3.5,46.4,58.36
9,4,3,27.06,45.67,0.0,44.46,58.36
9,4,4,26.64,46.12,0.6,49.06,58.36
9,4,5,26.4,47.45,0.0,47.74,58.36
9,4,6,25.22,47.95,0.0,45.47,58.36
9,4,7,25.28,44.8,0.0,46.11,58.36
9,4,8,24.74,46.29,178.7,43.97,58.36
9,4,9,23.65,50.44,294.5,42.8,58.36
9,4,10,23.14,48.18,366.4,40.01,58.36
9,4,11,23.68,46.8,512.9,40.03,58.36
9,4,12,22.83,47.69,714.7,36.94,58.36
9,4,13,22.61,46.48,770.2,39.6,58.36
9,4,14,22.4,47.28,713.4,36.92,58.36
9,4,15,21.75,47.82,784.8,36.03,58.36
9,4,16,22.08,49.09,615.3,34.52,58.36
9,4,17,22.42,45.92,465.2,37.76,58.36
9,4,18,22.29,45.43,353.5,37.3,58.36
9,4,19,24.89,49.07,167.0,34.92,58.36
9,4,20,24.75,45.74,0.0,38.84,58.36
9,4,21,25.55,45.5,0.0,38.88,58.36
9,4,22,25.88,47.57,0.0,40.36,58.36
9,4,23,26.44,46.74,0.6,45.67,58.36
9,5,0,26.48,44.14,0.0,46.84,48.87
9,5,1,26.27,46.69,0.0,50.96,48.87
9,5,2,27.95,42.75,0.0,53.85,48.87
9,5,3,28.2,44.63,0.5,49.56,48.87
9,5,4,27.27,43.6,0.0,48.69,48.87
9,5,5,26.64,42.98,0.0,48.89,48.87
9,5,6,25.68,45.96,0.5,49.99,48.87
9,5,7,25.86,45.4,2.9,48.52,48.87
9,5,8,24.51,42.73,144.1,49.62,48.87
9,5,9,24.68,46.12,194.0,48.6,48.87
9,5,10,22.46,46.02,383.0,46.73,48.87
9,5,11,22.16,46.43,485.1,43.38,48.87
9,5,12,21.9,42.05,679.8,45.89,48.87
9,5,13,23.46,44.82,810.9,42.49,48.87
9,5,14,22.29,44.16,799.8,42.15,48.87
9,5,15,21.84,44.56,743.2,42.09,48.87
9,5,16,21.87,44.6,715.0,42.42,48.87
9,5,17,23.5,44.71,512.1,42.35,48.87
9,5,18,24.16,41.75,303.3,43.31,48.87
9,5,19,23.89,43.67,180.8,41.31,48.87
9,5,20,24.03,47.81,0.0,43.09,48.87
9,5,21,25.72,46.12,1.9,45.99,48.87
9,5,22,25.76,44.23,1.5,44.89,48.87
9,5,23,26.63,45.28,1.6,44.3,48.87
9,6,0,28.09,74.08,2.7,53.57,87.08
9,6,1,27.7,72.1,1.7,53.53,87.08
9,6,2,27.5,72.66,0.0,51.95,87.08
9,6,3,28.2,72.14,4.1,51.29,87.08
9,6,4,27.01,72.1,2.3,54.5,87.08
9,6,5,27.02,70.36,0.0,54.21,87.08
9,6,6,25.62,71.26,1.0,51.76,87.08
9,6,7,26.46,73.89,0.0,51.04,87.08
9,6,8,23.82,70.88,191.5,50.78,87.08
9,6,9,24.5,69.77,296.8,49.36,87.08
9,6,10,23.62,71.91,347.2,47.17,87.08
9,6,11,23.54,72.65,584.8,48.09,87.08
9,6,12,22.7,69.46,665.4,46.36,87.08
9,6,13,23.34,73.08,827.6,46.26,87.08
9,6,14,21.92,72.23,801.4,43.16,87.08
9,6,15,22.17,71.75,809.1,40.95,87.08
9,6,16,23.23,70.65,584.8,45.67,87.08
9,6,17,23.42,73.94,531.1,47.16,87.08
9,6,18,23.9,71.82,369.0,46.44,87.08
9,6,19,23.88,71.08,218.2,42.21,87.08
9,6,20,25.03,69.22,0.1,47.7,87.08
9,6,21,25.42,74.57,0.0,49.39,87.08
9,6,22,26.64,69.48,5.4,48.8,87.08
9,6,23,26.42,69.94,0.0,50.0,87.08
9,7,0,26.26,92.06,0.0,51.71,27.19
9,7,1,27.01,92.53,2.6,50.79,27.19
9,7,2,28.12,91.63,3.5,52.46,27.19
9,7,3,27.07,93.32,0.0,52.24,27.19
9,7,4,26.99,92.22,2.7,50.78,27.19
9,7,5,26.81,93.22,0.4,55.47,27.19
9,7,6,26.2,92.01,1.2,53.16,27.19
9,7,7,25.4,93.06,0.0,51.3,27.19
9,7,8,24.63,94.31,33.4,51.77,27.19
9,7,9,24.22,89.76,277.4,50.69,27.19
9,7,10,23.85,88.31,451.8,47.57,27.19
9,7,11,23.34,93.4,508.4,48.37,27.19
9,7,12,22.37,89.18,722.4,45.01,27.19
9,7,13,21.87,91.68,777.5,45.06,27.19
9,7,14,22.48,90.28,762.6,44.17,27.19
9,7,15,23.25,92.11,788.5,43.91,27.19
9,7,16,22.33,91.91,632.6,44.58,27.19
9,7,17,23.68,92.82,546.4,42.4,27.19
9,7,18,23.34,91.2,367.9,43.81,27.19
9,7,19,24.57,90.89,232.2,46.17,27.19
9,7,20,23.86,95.47,0.0,43.14,27.19
9,7,21,25.67,92.33,0.0,48.87,27.19
9,7,22,26.62,92.73,0.9,48.52,27.19
9,7,23,27.69,90.07,0.3,50.07,27.19
9,8,0,27.05,90.32,4.7,49.55,44.27
9,8,1,27.3,87.98,0.0,52.0,44.27
9,8,2,27.75,90.92,0.0,49.34,44.27
9,8,3,28.5,85.18,0.0,57.13,44.27
9,8,4,27.67,86.91,0.0,52.55,44.27
9,8,5,27.33,89.59,0.0,54.98,44.27
9,8,6,26.82,89.68,0.0,53.88,44.27
9,8,7,25.92,89.01,0.0,49.66,44.27
9,8,8,25.7,87.93,127.2,49.16,44.27
9,8,9,25.0,87.65,260.5,48.94,44.27
9,8,10,23.05,86.39,410.9,46.52,44.27
9,8,11,23.98,90.04,571.7,49.06,44.27
9,8,12,22.98,89.57,652.9,48.8,44.27
9,8,13,23.75,88.61,782.0,46.12,44.27
9,8,14,22.59,87.61,826.7,43.41,44.27
9,8,15,22.84,87.34,677.4,43.15,44.27
9,8,16,23.47,88.25,696.2,41.57,44.27
9,8,17,22.92,88.49,496.1,43.95,44.27
9,8,18,23.62,90.64,433.4,43.23,44.27
9,8,19,25.28,87.01,273.1,45.66,44.27
9,8,20,25.78,88.57,0.0,44.16,44.27
9,8,21,25.73,87.12,0.2,45.7,44.27
9,8,22,26.28,87.0,0.0,49.3,44.27
9,8,23,26.92,87.82,0.0,49.42,44.27
10,1,0,24.29,85.11,0.7,66.97,55.25
10,1,1,25.37,83.07,0.0,71.09,55.25
10,1,2,25.39,84.31,2.4,72.12,55.25
10,1,3,24.37,82.54,5.9,73.1,55.25
10,1,4,25.94,85.34,0.5,72.63,55.25
10,1,5,24.25,80.64,0.0,73.83,55.25
10,1,6,23.34,83.87,1.7,70.15,55.25
10,1,7,22.69,81.72,186.9,68.79,55.25
10,1,8,21.68,85.38,290.2,69.87,55.25
10,1,9,21.09,85.02,489.5,69.77,55.25
10,1,10,20.77,82.9,519.1,70.1,55.25
10,1,11,19.61,84.24,691.0,65.06,55.25
10,1,12,20.03,84.39,761.7,63.98,55.25
10,1,13,18.56,82.49,699.0,63.73,55.25
10,1,14,18.9,80.38,644.9,65.81,55.25
10,1,15,19.44,84.16,545.5,62.95,55.25
10,1,16,19.97,83.84,393.3,60.99,55.25
10,1,17,19.86,83.72,275.3,62.82,55.25
10,1,18,20.83,84.5,231.9,62.97,55.25
10,1,19,20.69,82.73,0.1,60.89,55.25
10,1,20,22.82,83.46,0.8,66.73,55.25
10,1,21,22.6,84.11,0.0,65.61,55.25
10,1,22,23.26,85.75,0.0,68.23,55.25
10,1,23,23.33,85.02,2.1,68.62,55.25
10,2,0,24.61,83.75,0.0,70.39,54.09
10,2,1,25.55,78.95,0.0,75.19,54.09
10,2,2,24.69,80.86,0.0,77.01,54.09
10,2,3,24.68,81.64,2.3,78.44,54.09
10,2,4,24.95,80.11,0.3,76.39,54.09
10,2,5,24.61,79.02,1.6,77.31,54.09
10,2,6,24.99,83.56,1.1,76.58,54.09
10,2,7,22.79,83.01,207.8,77.72,54.09
10,2,8,22.57,82.21,343.4,73.56,54.09
10,2,9,21.07,80.01,480.3,72.31,54.09
10,2,10,20.45,82.4,552.2,71.87,54.09
10,2,11,20.0,78.11,619.6,72.91,54.09
10,2,12,19.48,78.75,665.4,70.47,54.09
10,2,13,19.61,81.16,667.4,66.8,54.09
10,2,14,19.53,82.85,673.7,66.44,54.09
10,2,15,20.13,81.51,526.3,68.95,54.09
10,2,16,19.48,78.35,429.2,67.96,54.09
10,2,17,20.05,82.53,315.5,65.34,54.09
10,2,18,20.87,78.18,182.4,67.55,54.09
10,2,19,21.83,79.99,0.0,64.08,54.09
10,2,20,22.65,81.46,0.2,67.69,54.09
10,2,21,23.35,84.08,0.0,72.12,54.09
10,2,22,23.45,81.48,0.0,73.62,54.09
10,2,23,24.59,79.77,0.0,73.82,54.09
10,3,0,25.98,79.15,2.0,76.01,65.99
10,3,1,27.56,78.82,0.0,78.23,65.99
10,3,2,28.08,77.54,0.0,77.14,65.99
10,3,3,28.1,79.07,0.2,80.05,65.99
10,3,4,26.9,76.53,0.0,77.7,65.99
10,3,5,26.32,77.68,1.2,80.65,65.99
10,3,6,26.45,80.17,2.1,80.92,65.99
10,3,7,25.33,76.67,241.9,81.94,65.99
10,3,8,24.71,81.02,268.7,76.65,65.99
10,3,9,24.19,78.54,489.6,77.16,65.99
10,3,10,22.6,77.82,507.1,74.19,65.99
10,3,11,22.89,79.45,666.4,72.01,65.99
10,3,12,21.74,76.3,742.3,72.51,65.99
10,3,13,21.08,78.19,669.1,74.57,65.99
10,3,14,21.15,76.04,552.5,71.51,65.99
10,3,15,21.34,76.0,567.2,72.06,65.99
10,3,16,21.91,80.19,427.7,69.65,65.99
10,3,17,21.88,79.37,300.4,71.31,65.99
10,3,18,22.61,79.05,160.2,71.4,65.99
10,3,19,24.48,77.15,0.0,70.77,65.99
10,3,20,25.04,78.52,0.0,72.62,65.99
10,3,21,25.57,76.87,0.6,73.49,65.99
10,3,22,25.61,77.19,0.0,75.81,65.99
10,3,23,26.8,72.61,0.0,76.59,65.99
10,4,0,27.04,77.88,0.0,79.35,67.07
10,4,1,27.72,76.93,1.3,81.52,67.07
10,4,2,28.04,77.52,0.5,84.13,67.07
10,4,3,27.24,77.9,1.4,81.23,67.07
10,4,4,27.25,81.45,0.0,85.17,67.07
10,4,5,26.72,77.55,1.2,82.84,67.07
10,4,6,26.26,78.08,0.2,79.08,67.07
10,4,7,25.64,81.18,153.7,80.78,67.07
10,4,8,24.31,76.97,250.2,78.58,67.07
10,4,9,23.84,80.96,389.7,79.59,67.07
10,4,10,23.34,81.74,581.2,78.8,67.07
10,4,11,22.95,77.85,633.5,78.23,67.07
10,4,12,21.1,78.21,654.0,75.7,67.07
10,4,13,21.61,80.18,687.8,72.0,67.07
10,4,14,20.97,79.23,601.2,72.72,67.07
10,4,15,22.29,80.38,588.7,72.55,67.07
10,4,16,21.8,79.86,384.6,72.06,67.07
10,4,17,22.5,81.72,311.2,74.24,67.07
10,4,18,24.03,80.59,146.9,74.85,67.07
10,4,19,24.47,80.21,0.0,75.14,67.07
10,4,20,24.73,77.77,0.0,76.41,67.07
10,4,21,25.08,78.02,1.5,76.76,67.07
10,4,22,26.55,77.39,1.1,76.86,67.07
10,4,23,26.38,78.48,2.7,78.6,67.07
10,5,0,26.07,76.04,0.7,78.2,60.02
10,5,1,27.78,78.83,0.0,78.99,60.02
10,5,2,27.17,75.96,5.4,80.56,60.02
10,5,3,27.12,79.39,1.4,80.07,60.02
10,5,4,26.39,79.37,0.8,79.23,60.02
10,5,5,26.94,78.91,1.5,82.37,60.02
10,5,6,25.61,78.94,1.6,78.69,60.02
10,5,7,24.9,78.66,182.2,82.46,60.02
10,5,8,23.38,76.52,368.7,79.02,60.02
10,5,9,22.79,79.38,495.1,76.7,60.02
10,5,10,23.87,75.88,585.5,77.2,60.02
10,5,11,22.39,78.16,643.4,74.82,60.02
10,5,12,21.87,79.37,737.5,71.42,60.02
10,5,13,21.05,77.06,678.1,73.43,60.02
10,5,14,21.11,82.38,635.1,71.21,60.02
10,5,15,21.22,77.51,523.3,72.31,60.02
10,5,16,21.52,77.28,371.8,69.77,60.02
10,5,17,21.98,80.26,239.2,70.14,60.02
10,5,18,22.65,75.72,157.4,70.1,60.02
10,5,19,22.91,78.75,0.0,71.08,60.02
10,5,20,24.3,81.05,3.3,70.06,60.02
10,5,21,25.16,78.2,0.3,73.56,60.02
10,5,22,25.66,78.69,0.0,74.1,60.02
10,5,23,26.0,78.82,1.2,78.02,60.02
10,6,0,25.65,77.4,1.6,76.01,68.61
10,6,1,27.0,77.44,0.0,80.17,68.61
10,6,2,25.72,77.2,0.6,79.15,68.61
10,6,3,26.78,81.42,0.0,76.86,68.61
10,6,4,26.05,77.47,0.0,76.87,68.61
10,6,5,26.07,78.51,0.0,79.62,68.61
10,6,6,24.65,76.18,0.2,75.04,68.61
10,6,7,24.62,73.69,179.6,79.24,68.61
10,6,8,23.19,77.19,367.3,74.65,68.61
10,6,9,23.14,79.71,460.2,72.47,68.61
10,6,10,21.72,82.02,543.8,77.82,68.61
10,6,11,22.25,78.73,664.1,71.35,68.61
10,6,12,20.87,76.92,698.6,68.8,68.61
10,6,13,19.9,79.9,634.9,71.14,68.61
10,6,14,19.56,78.9,621.0,70.99,68.61
10,6,15,20.45,74.94,518.7,68.75,68.61
10,6,16,20.85,78.82,384.5,66.45,68.61
10,6,17,20.9,77.18,268.0,72.12,68.61
10,6,18,22.65,78.98,202.5,69.46,68.61
10,6,19,22.91,78.2,0.1,66.67,68.61
10,6,20,23.35,77.59,0.0,70.01,68.61
10,6,21,24.47,79.1,0.6,73.16,68.61
10,6,22,25.43,77.5,1.1,70.72,68.61
10,6,23,25.49,77.2,3.1,75.14,68.61
10,7,0,26.95,80.13,3.0,72.04,75.66
10,7,1,27.37,76.94,0.0,74.17,75.66
10,7,2,28.67,75.09,2.2,75.51,75.66
10,7,3,28.85,76.52,0.0,76.26,75.66
10,7,4,27.92,74.42,2.7,78.12,75.66
10,7,5,27.56,79.74,0.2,74.23,75.66
10,7,6,26.63,78.96,0.0,75.4,75.66
10,7,7,25.94,75.81,252.1,72.93,75.66
10,7,8,25.23,78.2,378.7,73.43,75.66
10,7,9,24.32,75.74,446.2,71.74,75.66
10,7,10,23.43,77.59,564.1,67.39,75.66
10,7,11,22.83,75.75,651.1,71.51,75.66
10,7,12,22.93,75.24,708.6,66.94,75.66
10,7,13,22.67,77.37,734.3,66.39,75.66
10,7,14,23.23,77.87,603.4,68.95,75.66
10,7,15,22.67,75.25,583.6,68.25,75.66
10,7,16,22.8,75.75,398.3,66.04,75.66
10,7,17,23.93,77.36,290.0,67.38,75.66
10,7,18,23.76,78.05,176.6,66.28,75.66
10,7,19,24.59,76.42,0.0,68.45,75.66
10,7,20,25.07,75.39,4.2,68.93,75.66
10,7,21,25.03,75.66,0.0,67.25,75.66
10,7,22,25.38,76.3,0.0,70.06,75.66
10,7,23,26.76,76.63,0.0,73.51,75.66
10,8,0,28.6,75.26,2.4,65.99,68.76
10,8,1,28.13,77.34,0.7,65.62,68.76
10,8,2,28.13,77.79,0.4,68.37,68.76
10,8,3,27.8,78.18,0.3,65.98,68.76
10,8,4,27.59,75.89,0.0,67.81,68.76
10,8,5,27.68,76.29,0.5,68.44,68.76
10,8,6,26.36,76.71,1.7,68.08,68.76
10,8,7,26.29,79.14,231.2,64.18,68.76
10,8,8,25.37,76.3,386.2,66.62,68.76
10,8,9,24.15,78.08,446.6,62.24,68.76
10,8,10,24.15,76.62,611.1,63.33,68.76
10,8,11,23.81,77.87,687.9,61.49,68.76
10,8,12,22.79,74.64,696.4,58.79,68.76
10,8,13,21.74,75.9,714.9,59.76,68.76
10,8,14,22.22,76.97,666.4,59.2,68.76
10,8,15,22.44,76.38,565.8,60.53,68.76
10,8,16,22.59,76.36,347.4,57.22,68.76
10,8,17,22.01,75.87,299.0,58.62,68.76
10,8,18,24.88,76.68,170.9,60.78,68.76
10,8,19,23.49,75.01,1.3,59.69,68.76
10,8,20,25.15,75.83,0.5,59.81,68.76
10,8,21,26.06,75.49,0.0,65.26,68.76
10,8,22,26.54,77.03,0.0,63.78,68.76
10,8,23,27.61,77.62,0.6,64.54,68.76
11,1,0,24.07,61.75,0.8,34.72,62.27
11,1,1,24.17,64.36,0.0,35.5,62.27
11,1,2,24.4,65.3,0.0,34.02,62.27
11,1,3,24.03,64.43,1.1,36.45,62.27
11,1,4,23.84,59.93,0.1,37.38,62.27
11,1,5,24.65,63.48,0.0,36.5,62.27
11,1,6,22.17,66.03,0.0,35.15,62.27
11,1,7,21.55,64.58,2.3,34.08,62.27
11,1,8,20.48,61.62,199.2,35.61,62.27
11,1,9,18.58,65.5,454.1,32.48,62.27
11,1,10,16.73,64.08,713.9,31.28,62.27
11,1,11,16.72,65.1,780.3,31.19,62.27
11,1,12,15.44,63.73,1096.1,29.59,62.27
11,1,13,14.79,64.22,1059.2,30.19,62.27
11,1,14,14.96,67.43,962.7,26.82,62.27
11,1,15,14.72,63.38,889.5,25.3,62.27
11,1,16,16.46,66.25,758.3,25.48,62.27
11,1,17,16.03,65.23,555.7,26.15,62.27
11,1,18,17.66,65.46,351.2,25.68,62.27
11,1,19,17.91,64.5,332.3,25.99,62.27
11,1,20,20.39,63.11,0.0,30.07,62.27
11,1,21,20.99,64.49,0.5,28.89,62.27
11,1,22,22.74,64.03,0.0,29.86,62.27
11,1,23,21.75,64.2,2.6,30.92,62.27
11,2,0,24.56,65.79,0.0,42.03,67.97
11,2,1,24.59,63.78,0.0,40.46,67.97
11,2,2,26.8,66.82,0.0,40.27,67.97
11,2,3,24.0,64.27,0.2,44.5,67.97
11,2,4,25.01,66.15,0.0,42.93,67.97
11,2,5,23.41,68.39,0.0,42.22,67.97
11,2,6,21.55,65.52,1.7,40.25,67.97
11,2,7,21.1,67.0,0.0,42.65,67.97
11,2,8,19.94,65.23,225.7,40.59,67.97
11,2,9,20.16,66.98,403.0,40.52,67.97
11,2,10,17.59,67.87,684.5,33.11,67.97
11,2,11,16.23,67.23,842.0,34.7,67.97
11,2,12,15.64,62.95,980.2,38.34,67.97
11,2,13,15.87,69.09,1104.0,35.53,67.97
11,2,14,16.28,66.37,1021.5,34.74,67.97
11,2,15,16.19,65.09,876.3,32.9,67.97
11,2,16,16.37,67.01,661.5,35.39,67.97
11,2,17,16.41,65.41,491.9,36.74,67.97
11,2,18,17.87,64.53,405.1,34.35,67.97
11,2,19,18.84,67.07,173.7,33.25,67.97
11,2,20,19.2,63.82,3.6,37.49,67.97
11,2,21,21.51,68.3,0.0,35.87,67.97
11,2,22,22.68,65.62,0.0,39.24,67.97
11,2,23,23.75,66.88,2.1,39.4,67.97
11,3,0,26.56,81.06,0.0,35.94,46.21
11,3,1,25.57,83.53,1.2,38.4,46.21
11,3,2,25.17,82.22,0.9,38.43,46.21
11,3,3,26.85,84.49,0.0,36.43,46.21
11,3,4,24.98,82.16,1.3,38.32,46.21
11,3,5,23.83,82.4,1.8,38.3,46.21
11,3,6,23.76,83.63,3.3,37.62,46.21
11,3,7,22.1,81.68,0.5,32.81,46.21
11,3,8,20.93,82.74,213.0,34.05,46.21
11,3,9,20.15,83.4,454.2,34.69,46.21
11,3,10,18.61,84.92,648.3,30.75,46.21
11,3,11,18.36,83.61,802.7,29.77,46.21
11,3,12,16.97,82.88,1068.4,29.92,46.21
11,3,13,15.86,84.4,1106.3,29.66,46.21
11,3,14,16.45,83.0,1043.8,30.36,46.21
11,3,15,16.59,82.8,986.2,24.56,46.21
11,3,16,17.8,80.49,703.8,27.88,46.21
11,3,17,17.48,84.56,483.7,28.5,46.21
11,3,18,18.28,83.49,355.9,28.75,46.21
11,3,19,19.47,82.29,232.6,30.82,46.21
11,3,20,20.72,81.75,1.2,30.39,46.21
11,3,21,22.7,81.69,0.0,30.85,46.21
11,3,22,23.09,82.93,0.0,34.05,46.21
11,3,23,24.34,83.28,0.3,34.53,46.21
11,4,0,24.65,86.12,3.5,33.62,35.43
11,4,1,26.78,87.15,0.3,31.28,35.43
11,4,2,26.06,86.24,1.6,31.89,35.43
11,4,3,25.78,84.08,0.7,35.09,35.43
11,4,4,24.46,84.43,0.0,33.98,35.43
11,4,5,23.79,88.5,0.9,34.97,35.43
11,4,6,22.68,88.38,1.3,32.55,35.43
11,4,7,21.52,86.32,0.0,32.14,35.43
11,4,8,20.67,87.52,147.5,33.89,35.43
11,4,9,20.25,86.75,441.2,32.16,35.43
11,4,10,18.54,86.02,702.1,32.38,35.43
11,4,11,17.06,87.07,776.3,28.7,35.43
11,4,12,16.38,88.25,979.6,26.81,35.43
11,4,13,17.1,85.34,1093.5,24.76,35.43
11,4,14,16.71,89.12,1017.5,21.62,35.43
11,4,15,15.94,90.08,883.2,27.07,35.43
11,4,16,16.47,85.49,778.3,25.23,35.43
11,4,17,17.98,86.44,594.6,25.86,35.43
11,4,18,19.14,85.5,414.1,24.13,35.43
11,4,19,19.67,86.17,164.5,23.1,35.43
11,4,20,21.63,85.38,0.0,25.65,35.43
11,4,21,22.16,85.68,2.6,27.06,35.43
11,4,22,24.33,88.14,0.0,29.72,35.43
11,4,23,24.75,87.7,1.9,30.82,35.43
11,5,0,24.11,88.54,0.2,34.89,35.2
11,5,1,24.35,85.19,0.0,33.05,35.2
11,5,2,25.0,85.67,1.9,35.23,35.2
11,5,3,24.39,88.88,0.0,37.2,35.2
11,5,4,23.88,86.72,1.9,35.94,35.2
11,5,5,22.12,85.68,2.5,36.25,35.2
11,5,6,22.5,83.07,0.0,35.57,35.2
11,5,7,21.3,87.48,0.0,34.77,35.2
11,5,8,19.84,84.17,165.7,33.77,35.2
11,5,9,18.64,84.73,363.0,32.86,35.2
11,5,10,17.24,86.49,740.6,27.41,35.2
11,5,11,16.01,85.34,911.1,26.88,35.2
11,5,12,16.55,85.86,979.8,27.83,35.2
11,5,13,14.87,87.23,1000.6,27.61,35.2
11,5,14,14.73,84.51,1168.5,26.92,35.2
11,5,15,15.4,87.36,839.2,28.42,35.2
11,5,16,14.32,84.5,712.7,26.5,35.2
11,5,17,16.47,85.4,539.2,24.33,35.2
11,5,18,16.63,86.74,396.1,28.67,35.2
11,5,19,18.16,86.69,202.4,28.88,35.2
11,5,20,20.34,85.97,0.0,29.57,35.2
11,5,21,21.42,84.63,0.0,28.9,35.2
11,5,22,23.04,87.37,0.0,28.87,35.2
11,5,23,23.93,83.95,1.0,31.0,35.2
11,6,0,24.79,95.14,0.0,38.28,14.24
11,6,1,25.28,96.41,0.0,40.49,14.24
11,6,2,25.61,97.89,1.6,38.68,14.24
11,6,3,24.98,100.0,0.1,41.13,14.24
11,6,4,25.82,96.0,1.6,43.6,14.24
11,6,5,23.73,99.38,0.0,39.91,14.24
11,6,6,23.06,99.29,2.2,42.79,14.24
11,6,7,21.66,99.88,0.0,41.0,14.24
11,6,8,20.52,98.76,307.8,36.2,14.24
11,6,9,18.59,98.25,359.4,38.65,14.24
11,6,10,18.4,98.59,582.3,38.18,14.24
11,6,11,17.97,98.32,861.0,35.12,14.24
11,6,12,16.44,97.92,983.1,34.97,14.24
11,6,13,16.85,95.99,1051.7,30.8,14.24
11,6,14,16.31,97.21,954.9,32.73,14.24
11,6,15,16.55,99.09,925.4,31.89,14.24
11,6,16,16.88,96.78,731.1,30.43,14.24
11,6,17,16.37,97.6,598.5,32.13,14.24
11,6,18,18.29,98.31,387.1,30.58,14.24
11,6,19,18.99,98.38,232.1,33.05,14.24
11,6,20,20.35,97.53,6.3,34.97,14.24
11,6,21,21.9,97.74,0.0,34.62,14.24
11,6,22,23.02,95.27,0.0,35.15,14.24
11,6,23,23.99,97.74,3.0,35.18,14.24
11,7,0,25.43,99.78,0.0,26.9,20.29
11,7,1,26.28,97.99,1.1,32.16,20.29
11,7,2,26.05,100.0,2.7,30.6,20.29
11,7,3,25.79,99.24,0.0,32.72,20.29
11,7,4,25.85,100.0,3.7,29.8,20.29
11,7,5,25.26,99.86,3.2,31.7,20.29
11,7,6,23.16,97.76,1.6,32.57,20.29
11,7,7,21.68,96.33,0.8,31.79,20.29
11,7,8,20.48,97.8,320.1,32.75,20.29
11,7,9,19.46,98.26,464.7,29.71,20.29
11,7,10,18.34,100.0,689.5,26.89,20.29
11,7,11,16.71,100.0,897.1,25.72,20.29
11,7,12,16.9,99.35,1012.5,23.43,20.29
11,7,13,15.65,100.0,1106.9,23.19,20.29
11,7,14,15.69,100.0,993.5,23.22,20.29
11,7,15,16.2,97.38,924.7,22.78,20.29
11,7,16,16.9,99.82,850.2,24.21,20.29
11,7,17,17.52,99.77,633.3,23.93,20.29
11,7,18,17.91,100.0,425.2,25.56,20.29
11,7,19,19.5,98.87,167.5,24.39,20.29
11,7,20,21.34,98.81,0.0,21.88,20.29
11,7,21,23.0,97.23,0.7,26.53,20.29
11,7,22,23.45,99.68,0.0,26.97,20.29
11,7,23,24.93,100.0,0.0,26.42,20.29
11,8,0,23.54,96.31,0.0,32.0,11.63
11,8,1,24.07,96.31,0.0,33.28,11.63
11,8,2,24.33,98.02,0.6,35.28,11.63
11,8,3,23.95,94.06,2.1,37.18,11.63
11,8,4,22.55,95.66,0.9,36.73,11.63
11,8,5,22.52,94.27,1.1,36.08,11.63
11,8,6,20.56,95.55,2.0,35.98,11.63
11,8,7,21.33,96.75,0.7,35.57,11.63
11,8,8,19.15,95.71,269.3,35.52,11.63
11,8,9,17.45,94.49,389.3,36.59,11.63
11,8,10,17.0,96.57,585.7,33.16,11.63
11,8,11,15.66,96.43,782.2,31.17,11.63
11,8,12,14.73,94.96,1023.8,27.42,11.63
11,8,13,14.73,97.14,1010.6,27.46,11.63
11,8,14,14.17,96.53,1023.3,28.55,11.63
11,8,15,15.33,95.35,823.6,28.64,11.63
11,8,16,15.78,96.7,679.3,27.04,11.63
11,8,17,15.16,97.07,468.2,26.95,11.63
11,8,18,16.23,96.3,339.9,28.16,11.63
11,8,19,17.93,94.63,250.6,28.62,11.63
11,8,20,18.69,99.47,1.0,29.5,11.63
11,8,21,21.17,98.87,0.0,31.45,11.63
11,8,22,21.15,95.89,0.0,32.5,11.63
11,8,23,22.82,96.95,0.5,31.7,11.63
12,1,0,23.08,78.44,0.3,51.87,68.42
12,1,1,23.32,78.52,3.0,51.94,68.42
12,1,2,22.0,76.8,0.0,55.77,68.42
12,1,3,22.98,76.85,1.6,53.66,68.42
12,1,4,23.25,77.31,0.0,53.75,68.42
12,1,5,22.0,75.79,1.2,55.99,68.42
12,1,6,21.25,79.27,0.0,53.32,68.42
12,1,7,21.33,77.77,526.8,51.03,68.42
12,1,8,21.6,78.56,815.1,50.36,68.42
12,1,9,19.95,79.58,939.1,50.55,68.42
12,1,10,20.61,77.62,1449.1,48.62,68.42
12,1,11,19.1,78.37,1616.2,51.77,68.42
12,1,12,19.0,77.43,1681.7,46.31,68.42
12,1,13,19.21,76.5,1795.6,45.17,68.42
12,1,14,19.91,76.83,1784.7,45.11,68.42
12,1,15,19.93,77.98,1306.8,43.8,68.42
12,1,16,18.78,77.64,1089.6,44.1,68.42
12,1,17,20.41,77.58,603.9,49.51,68.42
12,1,18,19.75,79.26,376.2,45.07,68.42
12,1,19,20.11,73.57,0.0,45.42,68.42
12,1,20,20.84,78.17,0.0,46.63,68.42
12,1,21,21.48,77.75,0.0,46.39,68.42
12,1,22,22.11,77.38,0.0,49.8,68.42
12,1,23,22.27,76.76,2.5,48.54,68.42
12,2,0,23.61,84.83,0.0,59.38,41.05
12,2,1,23.76,88.37,2.2,55.58,41.05
12,2,2,23.04,87.03,0.0,57.93,41.05
12,2,3,24.29,85.81,1.4,59.97,41.05
12,2,4,23.06,84.13,0.5,62.36,41.05
12,2,5,22.81,86.73,0.0,59.0,41.05
12,2,6,22.95,87.74,1.1,56.46,41.05
12,2,7,22.14,85.17,457.7,58.55,41.05
12,2,8,22.45,87.07,866.6,56.63,41.05
12,2,9,20.77,88.81,1079.8,55.36,41.05
12,2,10,21.28,87.88,1356.2,54.09,41.05
12,2,11,20.49,87.06,1616.2,55.7,41.05
12,2,12,20.3,85.18,1974.3,52.94,41.05
12,2,13,20.68,87.41,1770.6,51.3,41.05
12,2,14,18.81,85.03,1649.2,46.77,41.05
12,2,15,20.3,87.61,1449.6,51.25,41.05
12,2,16,20.92,89.03,1171.3,50.48,41.05
12,2,17,20.64,86.79,747.0,52.03,41.05
12,2,18,21.35,86.05,626.4,50.41,41.05
12,2,19,21.01,86.61,0.0,53.05,41.05
12,2,20,21.5,86.45,1.9,51.61,41.05
12,2,21,22.57,85.16,0.5,54.74,41.05
12,2,22,22.76,86.67,0.9,54.76,41.05
12,2,23,23.58,88.68,0.0,59.13,41.05
12,3,0,25.08,92.02,0.1,53.72,32.13
12,3,1,24.74,91.98,0.0,54.94,32.13
12,3,2,24.72,94.4,0.0,55.14,32.13
12,3,3,25.31,92.26,0.0,52.91,32.13
12,3,4,24.4,94.2,0.3,52.38,32.13
12,3,5,24.33,92.41,0.0,53.59,32.13
12,3,6,24.47,92.4,0.5,54.11,32.13
12,3,7,23.52,93.7,613.9,50.31,32.13
12,3,8,23.08,96.1,756.2,51.51,32.13
12,3,9,22.68,94.52,958.4,51.74,32.13
12,3,10,22.25,91.48,1325.2,48.99,32.13
12,3,11,21.79,94.27,1533.0,47.97,32.13
12,3,12,22.03,92.8,1814.7,45.91,32.13
12,3,13,21.9,93.58,1839.8,42.69,32.13
12,3,14,21.79,93.96,1583.7,43.91,32.13
12,3,15,21.24,91.06,1434.7,47.65,32.13
12,3,16,21.49,91.9,1075.7,41.65,32.13
12,3,17,21.69,92.52,692.3,46.02,32.13
12,3,18,21.74,93.96,639.2,45.3,32.13
12,3,19,22.74,92.97,0.0,42.47,32.13
12,3,20,22.76,92.59,0.0,45.94,32.13
12,3,21,23.93,92.82,2.1,48.2,32.13
12,3,22,24.28,91.54,0.0,48.44,32.13
12,3,23,24.1,92.35,0.0,51.62,32.13
12,4,0,22.79,95.2,0.0,47.66,24.13
12,4,1,22.53,93.46,3.6,47.04,24.13
12,4,2,23.46,98.27,0.0,50.03,24.13
12,4,3,22.33,93.55,0.0,49.58,24.13
12,4,4,22.25,95.89,2.3,49.31,24.13
12,4,5,21.79,97.4,0.4,45.2,24.13
12,4,6,22.07,96.94,0.0,49.82,24.13
12,4,7,21.11,96.86,346.4,48.3,24.13
12,4,8,21.98,94.86,674.0,45.59,24.13
12,4,9,20.62,94.76,1078.7,46.71,24.13
12,4,10,20.41,93.7,1433.6,45.56,24.13
12,4,11,20.21,96.91,1618.1,44.4,24.13
12,4,12,20.48,94.92,1841.7,41.52,24.13
12,4,13,19.28,94.05,1728.9,39.12,24.13
12,4,14,19.06,94.7,1580.4,39.21,24.13
12,4,15,19.4,93.93,1248.0,39.86,24.13
12,4,16,19.12,97.96,1094.3,40.06,24.13
12,4,17,20.5,95.89,720.6,40.63,24.13
12,4,18,20.4,96.07,632.4,39.5,24.13
12,4,19,20.57,96.38,0.0,40.73,24.13
12,4,20,21.7,97.02,0.1,41.41,24.13
12,4,21,21.61,97.48,1.2,42.36,24.13
12,4,22,22.02,97.07,0.0,44.4,24.13
12,4,23,21.13,97.07,1.3,46.57,24.13
12,5,0,23.13,95.3,3.8,45.91,17.46
12,5,1,22.72,96.4,0.0,47.78,17.46
12,5,2,22.65,93.98,1.1,46.63,17.46
12,5,3,23.56,93.21,0.0,49.79,17.46
12,5,4,22.38,94.39,0.6,50.94,17.46
12,5,5,23.14,93.62,1.5,50.86,17.46
12,5,6,20.62,93.4,0.0,49.97,17.46
12,5,7,21.7,95.19,458.0,48.2,17.46
12,5,8,21.07,94.05,809.9,45.87,17.46
12,5,9,20.25,94.83,1008.9,44.6,17.46
12,5,10,20.49,93.79,1270.9,44.71,17.46
12,5,11,19.43,94.6,1566.8,42.91,17.46
12,5,12,19.35,96.15,1779.0,39.91,17.46
12,5,13,19.87,95.43,1794.6,42.77,17.46
12,5,14,19.38,95.58,1579.0,41.91,17.46
12,5,15,19.54,92.59,1467.5,39.95,17.46
12,5,16,19.47,93.99,1041.7,40.32,17.46
12,5,17,19.38,92.3,677.3,40.71,17.46
12,5,18,20.15,96.32,503.5,41.9,17.46
12,5,19,20.29,94.0,0.0,41.21,17.46
12,5,20,20.96,93.34,0.0,43.42,17.46
12,5,21,21.79,93.73,0.8,43.43,17.46
12,5,22,22.49,92.68,0.0,44.66,17.46
12,5,23,22.38,96.96,0.0,47.38,17.46
12,6,0,22.96,91.75,2.9,49.35,24.95
12,6,1,22.52,93.48,0.8,55.54,24.95
12,6,2,22.0,92.86,0.0,54.02,24.95
12,6,3,23.0,96.01,0.2,56.03,24.95
12,6,4,22.99,92.97,0.0,55.05,24.95
12,6,5,21.68,95.57,0.0,56.26,24.95
12,6,6,21.83,94.03,0.4,53.9,24.95
12,6,7,21.44,94.21,403.1,51.36,24.95
12,6,8,21.83,94.72,747.0,54.64,24.95
12,6,9,20.64,95.61,1057.0,49.4,24.95
12,6,10,21.28,95.11,1334.9,50.73,24.95
12,6,11,19.8,94.87,1387.2,46.81,24.95
12,6,12,20.22,93.25,1764.7,45.12,24.95
12,6,13,20.48,95.41,1736.4,45.5,24.95
12,6,14,20.01,96.6,1704.5,48.57,24.95
12,6,15,19.1,92.4,1270.7,45.47,24.95
12,6,16,19.82,93.4,1145.9,46.49,24.95
12,6,17,19.24,92.73,843.9,44.11,24.95
12,6,18,19.96,95.15,395.2,44.86,24.95
12,6,19,20.93,92.77,1.6,45.25,24.95
12,6,20,21.92,93.44,1.3,48.26,24.95
12,6,21,21.34,90.55,0.7,48.45,24.95
12,6,22,22.35,93.29,0.0,52.65,24.95
12,6,23,21.69,94.73,0.0,50.43,24.95
12,7,0,23.63,95.13,4.3,53.27,24.95
12,7,1,24.11,93.51,0.0,50.75,24.95
12,7,2,24.56,93.08,0.0,56.8,24.95
12,7,3,23.76,93.85,2.9,54.05,24.95
12,7,4,23.36,94.76,2.3,53.98,24.95
12,7,5,24.06,95.22,0.0,57.36,24.95
12,7,6,23.94,93.89,2.5,57.37,24.95
12,7,7,23.14,93.68,398.9,54.82,24.95
12,7,8,22.93,93.87,546.8,55.74,24.95
12,7,9,22.3,93.78,1117.3,54.92,24.95
12,7,10,20.39,95.0,1219.4,52.09,24.95
12,7,11,21.5,95.31,1554.5,47.23,24.95
12,7,12,20.94,94.96,1836.2,47.08,24.95
12,7,13,21.5,93.38,1786.2,47.04,24.95
12,7,14,21.02,95.69,1511.6,45.99,24.95
12,7,15,21.08,97.96,1299.5,49.57,24.95
12,7,16,22.16,94.21,1048.0,45.3,24.95
12,7,17,21.4,92.24,764.7,48.75,24.95
12,7,18,21.48,93.99,358.8,47.57,24.95
12,7,19,22.33,94.45,0.0,47.36,24.95
12,7,20,22.89,94.31,0.6,49.16,24.95
12,7,21,23.65,95.37,0.4,52.32,24.95
12,7,22,23.71,96.31,1.2,48.57,24.95
12,7,23,24.51,94.56,0.0,53.05,24.95
12,8,0,23.11,90.55,0.0,53.04,24.46
12,8,1,23.36,91.95,3.3,53.71,24.46
12,8,2,22.56,89.29,0.0,52.05,24.46
12,8,3,23.02,94.08,0.0,53.19,24.46
12,8,4,22.45,92.61,0.3,53.66,24.46
12,8,5,21.36,92.63,0.0,55.02,24.46
12,8,6,21.42,93.24,1.1,52.82,24.46
12,8,7,20.55,94.45,551.1,52.59,24.46
12,8,8,21.0,90.27,809.7,53.44,24.46
12,8,9,19.98,94.96,1141.5,48.29,24.46
12,8,10,19.93,90.84,1339.9,49.38,24.46
12,8,11,19.11,93.52,1655.2,48.39,24.46
12,8,12,19.73,91.1,1735.6,46.74,24.46
12,8,13,20.06,92.94,1791.8,43.77,24.46
12,8,14,18.69,91.01,1582.9,47.47,24.46
12,8,15,19.13,93.48,1425.1,42.24,24.46
12,8,16,19.28,93.87,1112.2,40.72,24.46
12,8,17,20.07,92.11,725.0,44.49,24.46
12,8,18,20.89,92.64,613.6,42.22,24.46
12,8,19,20.6,92.13,0.6,44.73,24.46
12,8,20,20.31,91.61,0.0,44.25,24.46
12,8,21,21.67,92.56,0.5,50.14,24.46
12,8,22,21.69,93.89,0.1,52.85,24.46
12,8,23,20.68,91.86,1.3,48.87,24.46
13,1,0,28.63,37.6,0.0,73.99,24.73
13,1,1,29.43,35.59,0.4,74.49,24.73
13,1,2,28.89,36.95,0.0,77.29,24.73
13,1,3,28.96,33.31,1.9,77.98,24.73
13,1,4,29.69,33.56,1.6,75.43,24.73
13,1,5,27.85,36.55,0.0,76.92,24.73
13,1,6,26.49,34.03,0.8,78.4,24.73
13,1,7,25.53,35.39,0.2,75.93,24.73
13,1,8,23.81,36.75,491.0,75.49,24.73
13,1,9,22.7,34.4,696.9,71.39,24.73
13,1,10,21.09,34.18,1043.3,71.41,24.73
13,1,11,20.42,33.86,1251.1,70.57,24.73
13,1,12,21.25,36.67,1616.8,71.65,24.73
13,1,13,19.18,33.25,1575.8,70.86,24.73
13,1,14,19.24,33.21,1637.8,67.71,24.73
13,1,15,19.81,35.46,1473.7,68.59,24.73
13,1,16,19.84,34.85,1366.6,66.43,24.73
13,1,17,20.65,35.97,947.4,66.99,24.73
13,1,18,22.21,38.17,781.8,68.77,24.73
13,1,19,23.36,33.48,491.1,68.81,24.73
13,1,20,24.51,35.26,0.8,69.43,24.73
13,1,21,25.63,33.24,0.0,73.19,24.73
13,1,22,26.93,35.05,3.8,70.35,24.73
13,1,23,27.21,37.65,0.1,73.32,24.73
13,2,0,28.59,41.26,0.5,79.49,36.41
13,2,1,29.77,43.13,0.0,81.88,36.41
13,2,2,29.24,40.59,0.0,82.59,36.41
13,2,3,29.95,43.18,1.9,84.05,36.41
13,2,4,28.1,41.7,1.9,81.78,36.41
13,2,5,28.21,45.24,2.1,85.62,36.41
13,2,6,27.0,43.21,0.0,84.19,36.41
13,2,7,26.05,42.19,2.6,81.4,36.41
13,2,8,24.38,41.9,379.1,81.51,36.41
13,2,9,22.36,43.33,715.7,79.18,36.41
13,2,10,21.64,41.41,1057.3,79.49,36.41
13,2,11,20.7,40.49,1345.1,76.29,36.41
13,2,12,20.32,41.94,1556.6,77.46,36.41
13,2,13,19.17,38.89,1621.3,77.84,36.41
13,2,14,20.65,44.51,1657.9,71.67,36.41
13,2,15,18.63,40.84,1526.9,75.79,36.41
13,2,16,20.72,42.1,1233.4,72.23,36.41
13,2,17,21.18,42.8,1052.9,72.29,36.41
13,2,18,22.38,42.4,640.3,73.16,36.41
13,2,19,23.57,41.41,615.6,75.89,36.41
13,2,20,24.23,41.74,0.1,75.08,36.41
13,2,21,25.27,42.81,1.7,78.28,36.41
13,2,22,27.65,40.95,3.3,77.32,36.41
13,2,23,27.39,39.12,0.0,79.21,36.41
13,3,0,28.06,39.85,1.5,76.52,33.98
13,3,1,29.46,40.09,0.0,80.12,33.98
13,3,2,30.43,41.93,0.0,82.65,33.98
13,3,3,29.95,39.74,0.0,81.84,33.98
13,3,4,29.05,39.15,0.0,79.72,33.98
13,3,5,27.79,41.95,1.6,81.42,33.98
13,3,6,27.61,39.05,0.0,81.85,33.98
13,3,7,26.08,38.22,0.4,79.85,33.98
13,3,8,25.04,39.02,625.5,75.58,33.98
13,3,9,23.58,43.03,761.7,77.88,33.98
13,3,10,21.84,40.95,996.1,73.64,33.98
13,3,11,21.79,39.2,1230.4,74.69,33.98
13,3,12,20.52,40.68,1512.9,74.95,33.98
13,3,13,19.65,39.73,1709.9,70.31,33.98
13,3,14,19.43,40.63,1747.4,72.5,33.98
13,3,15,20.16,39.42,1566.9,71.35,33.98
13,3,16,20.72,42.28,1222.9,69.29,33.98
13,3,17,21.91,38.22,974.3,69.4,33.98
13,3,18,21.58,40.15,793.7,71.24,33.98
13,3,19,23.93,42.22,448.7,75.77,33.98
13,3,20,24.61,40.11,0.0,73.65,33.98
13,3,21,25.88,40.31,0.0,73.7,33.98
13,3,22,27.28,39.75,0.0,76.94,33.98
13,3,23,28.05,41.0,0.0,75.96,33.98
13,4,0,27.21,43.44,0.0,78.28,49.15
13,4,1,27.77,45.43,0.0,79.68,49.15
13,4,2,26.32,41.7,0.0,84.59,49.15
13,4,3,27.72,43.63,0.0,81.81,49.15
13,4,4,27.61,43.47,0.0,81.85,49.15
13,4,5,25.71,42.35,1.1,82.53,49.15
13,4,6,25.1,45.14,0.0,84.98,49.15
13,4,7,23.63,43.31,0.0,81.58,49.15
13,4,8,22.94,43.82,402.5,78.67,49.15
13,4,9,22.72,42.45,770.8,76.74,49.15
13,4,10,20.16,42.98,1039.1,73.77,49.15
13,4,11,19.38,41.45,1317.0,75.01,49.15
13,4,12,18.1,42.76,1441.3,74.64,49.15
13,4,13,17.45,40.42,1755.3,72.38,49.15
13,4,14,17.8,44.3,1622.2,72.29,49.15
13,4,15,18.16,44.85,1444.9,72.8,49.15
13,4,16,17.67,42.58,1311.4,71.57,49.15
13,4,17,19.07,41.06,1026.3,74.61,49.15
13,4,18,19.75,42.24,773.1,75.34,49.15
13,4,19,20.72,42.92,505.2,74.17,49.15
13,4,20,21.48,43.92,3.0,75.53,49.15
13,4,21,23.45,42.4,3.5,77.93,49.15
13,4,22,25.46,43.71,0.0,77.56,49.15
13,4,23,26.1,44.0,3.0,80.83,49.15
13,5,0,26.95,43.48,0.0,79.31,50.41
13,5,1,28.06,43.38,1.3,83.0,50.41
13,5,2,27.47,43.63,0.0,82.39,50.41
13,5,3,27.93,42.06,2.9,85.4,50.41
13,5,4,27.73,44.42,0.3,84.21,50.41
13,5,5,25.47,43.52,0.0,82.8,50.41
13,5,6,26.24,43.56,0.0,79.98,50.41
13,5,7,24.47,44.54,0.0,78.28,50.41
13,5,8,24.41,44.03,447.4,82.34,50.41
13,5,9,22.09,45.53,817.0,77.13,50.41
13,5,10,21.09,46.12,914.8,76.27,50.41
13,5,11,19.45,44.86,1313.6,73.55,50.41
13,5,12,19.26,43.15,1520.7,74.0,50.41
13,5,13,18.78,45.1,1615.1,71.69,50.41
13,5,14,18.29,44.66,1638.6,71.18,50.41
13,5,15,18.98,45.65,1545.4,70.51,50.41
13,5,16,18.93,43.75,1240.2,73.63,50.41
13,5,17,19.4,43.57,1000.5,73.85,50.41
13,5,18,20.85,43.23,662.9,73.47,50.41
13,5,19,21.89,42.22,494.8,74.76,50.41
13,5,20,23.1,44.92,0.5,73.33,50.41
13,5,21,25.19,44.68,2.0,77.06,50.41
13,5,22,24.52,45.17,0.1,78.28,50.41
13,5,23,26.96,46.43,0.0,78.27,50.41
13,6,0,27.39,55.29,0.0,82.67,85.79
13,6,1,27.06,56.77,0.0,83.62,85.79
13,6,2,26.47,57.29,0.7,82.71,85.79
13,6,3,27.24,56.62,0.0,83.28,85.79
13,6,4,25.57,57.49,1.7,82.33,85.79
13,6,5,25.15,55.64,0.0,83.47,85.79
13,6,6,25.4,58.8,1.7,82.83,85.79
13,6,7,22.96,59.09,0.0,82.27,85.79
13,6,8,22.49,56.66,563.3,81.5,85.79
13,6,9,21.42,57.24,708.5,79.72,85.79
13,6,10,19.73,54.64,914.6,79.43,85.79
13,6,11,18.13,55.96,1200.9,76.34,85.79
13,6,12,17.91,55.96,1409.5,75.54,85.79
13,6,13,17.03,55.62,1731.8,76.21,85.79
13,6,14,16.69,58.92,1631.1,73.08,85.79
13,6,15,17.06,56.65,1711.0,71.18,85.79
13,6,16,16.96,56.97,1356.7,73.39,85.79
13,6,17,19.05,54.87,940.0,73.67,85.79
13,6,18,20.64,57.41,782.0,72.38,85.79
13,6,19,21.14,54.8,630.7,73.26,85.79
13,6,20,21.78,54.36,0.2,75.88,85.79
13,6,21,24.18,57.74,0.0,78.33,85.79
13,6,22,23.97,55.49,0.2,76.62,85.79
13,6,23,26.13,59.99,0.0,78.63,85.79
13,7,0,25.89,72.3,0.0,81.3,86.39
13,7,1,27.82,75.27,0.0,80.52,86.39
13,7,2,27.09,73.96,0.0,80.27,86.39
13,7,3,27.15,74.93,0.0,82.52,86.39
13,7,4,27.74,77.04,0.0,83.16,86.39
13,7,5,27.58,74.77,0.0,84.79,86.39
13,7,6,25.23,75.12,0.0,82.63,86.39
13,7,7,24.17,75.35,0.0,80.84,86.39
13,7,8,21.74,73.48,546.6,81.19,86.39
13,7,9,20.95,71.2,699.7,80.67,86.39
13,7,10,20.05,71.89,949.4,78.48,86.39
13,7,11,19.91,73.67,1378.7,78.11,86.39
13,7,12,17.93,75.93,1555.1,73.68,86.39
13,7,13,18.92,73.87,1505.1,73.4,86.39
13,7,14,17.39,73.03,1636.6,73.28,86.39
13,7,15,17.89,73.91,1593.3,72.04,86.39
13,7,16,19.11,72.22,1360.5,75.46,86.39
13,7,17,19.2,74.35,938.0,72.39,86.39
13,7,18,21.07,75.18,766.1,70.75,86.39
13,7,19,21.09,76.66,516.0,75.26,86.39
13,7,20,22.79,73.14,0.7,73.2,86.39
13,7,21,23.15,72.95,0.4,74.34,86.39
13,7,22,25.18,72.56,0.0,79.94,86.39
13,7,23,26.14,72.7,0.4,77.08,86.39
13,8,0,29.56,77.33,0.0,79.05,77.67
13,8,1,30.28,74.49,0.0,82.9,77.67
13,8,2,30.15,74.07,0.3,85.15,77.67
13,8,3,29.47,78.1,0.0,87.37,77.67
13,8,4,29.34,76.41,0.0,84.28,77.67
13,8,5,28.89,76.06,0.0,82.78,77.67
13,8,6,28.34,76.23,3.1,82.91,77.67
13,8,7,26.39,77.41,0.0,81.08,77.67
13,8,8,25.91,74.43,312.4,84.67,77.67
13,8,9,23.41,76.46,717.6,76.45,77.67
13,8,10,22.81,76.86,1029.1,80.72,77.67
13,8,11,21.75,77.26,1231.4,75.96,77.67
13,8,12,20.53,73.99,1615.5,74.6,77.67
13,8,13,20.83,75.79,1660.6,77.88,77.67
13,8,14,20.31,77.1,1677.3,74.81,77.67
13,8,15,21.84,74.02,1652.6,75.52,77.67
13,8,16,20.93,78.63,1152.4,73.59,77.67
13,8,17,21.34,76.81,925.8,75.19,77.67
13,8,18,22.85,75.47,763.5,74.64,77.67
13,8,19,23.57,80.39,440.2,72.51,77.67
13,8,20,24.94,74.29,1.7,77.35,77.67
13,8,21,26.81,75.63,0.0,77.52,77.67
13,8,22,27.74,77.44,0.7,80.12,77.67
13,8,23,29.03,77.51,0.6,81.2,77.67
14,1,0,24.76,34.56,0.7,39.7,24.95
14,1,1,25.78,37.26,0.0,41.77,24.95
14,1,2,26.92,36.57,1.1,40.32,24.95
14,1,3,26.62,36.48,0.0,39.9,24.95
14,1,4,25.52,34.49,1.5,43.73,24.95
14,1,5,25.57,39.88,0.0,42.63,24.95
14,1,6,23.67,35.86,0.0,42.09,24.95
14,1,7,23.1,33.07,0.0,43.13,24.95
14,1,8,22.42,37.31,250.3,39.13,24.95
14,1,9,21.16,36.52,352.4,39.34,24.95
14,1,10,20.73,35.86,602.0,35.79,24.95
14,1,11,20.2,35.47,896.7,35.32,24.95
14,1,12,18.55,35.01,989.4,35.51,24.95
14,1,13,17.76,36.85,1139.0,34.5,24.95
14,1,14,17.81,37.77,1091.3,36.46,24.95
14,1,15,17.45,39.8,944.8,32.41,24.95
14,1,16,18.36,33.8,706.3,31.35,24.95
14,1,17,19.41,37.83,519.6,32.39,24.95
14,1,18,20.36,33.52,219.4,30.33,24.95
14,1,19,20.97,33.35,0.0,31.31,24.95
14,1,20,22.46,36.81,0.0,31.55,24.95
14,1,21,23.16,36.65,1.6,38.24,24.95
14,1,22,24.82,36.4,0.0,35.79,24.95
14,1,23,25.79,36.4,1.3,37.31,24.95
14,2,0,24.68,34.48,2.3,41.17,16.64
14,2,1,24.47,32.43,0.0,36.75,16.64
14,2,2,25.34,36.44,3.0,40.12,16.64
14,2,3,25.08,32.35,0.1,40.43,16.64
14,2,4,25.09,34.25,0.0,38.28,16.64
14,2,5,22.98,33.65,0.0,40.83,16.64
14,2,6,23.01,34.51,0.0,34.97,16.64
14,2,7,23.04,33.81,0.0,36.85,16.64
14,2,8,21.71,35.53,196.2,37.4,16.64
14,2,9,21.0,35.21,404.4,35.37,16.64
14,2,10,18.23,35.07,650.3,37.14,16.64
14,2,11,17.2,33.63,826.5,34.19,16.64
14,2,12,17.6,35.13,1067.8,31.64,16.64
14,2,13,17.73,35.97,1115.7,34.36,16.64
14,2,14,17.9,36.71,927.7,33.53,16.64
14,2,15,17.66,38.32,1022.3,33.03,16.64
14,2,16,18.11,37.34,849.7,30.82,16.64
14,2,17,17.54,34.85,530.9,30.77,16.64
14,2,18,18.55,32.87,271.8,32.37,16.64
14,2,19,20.95,36.69,2.1,31.84,16.64
14,2,20,20.35,34.63,0.0,32.25,16.64
14,2,21,22.31,35.98,1.7,33.78,16.64
14,2,22,22.32,34.59,0.1,37.33,16.64
14,2,23,23.84,36.08,0.6,36.85,16.64
14,3,0,25.11,58.38,0.0,36.3,78.36
14,3,1,25.65,57.53,0.2,37.31,78.36
14,3,2,26.01,60.6,0.0,37.71,78.36
14,3,3,25.09,58.6,0.0,37.89,78.36
14,3,4,25.28,58.46,0.0,37.58,78.36
14,3,5,25.53,58.46,0.0,37.93,78.36
14,3,6,24.79,57.68,0.0,36.78,78.36
14,3,7,22.7,57.15,0.0,35.32,78.36
14,3,8,21.5,58.92,221.5,35.66,78.36
14,3,9,21.49,59.98,398.7,33.82,78.36
14,3,10,19.44,59.08,620.1,32.9,78.36
14,3,11,18.61,56.88,877.7,30.21,78.36
14,3,12,18.87,57.24,1036.1,28.97,78.36
14,3,13,17.95,57.54,1131.0,32.15,78.36
14,3,14,17.91,56.85,1058.9,30.04,78.36
14,3,15,18.61,58.46,991.1,29.56,78.36
14,3,16,19.08,55.11,774.3,29.95,78.36
14,3,17,18.35,56.71,460.4,27.55,78.36
14,3,18,19.63,58.4,363.2,30.77,78.36
14,3,19,20.44,56.77,2.6,30.91,78.36
14,3,20,21.96,58.75,0.0,31.76,78.36
14,3,21,22.81,58.44,0.0,31.15,78.36
14,3,22,23.63,57.48,0.0,32.67,78.36
14,3,23,24.06,58.86,0.0,32.21,78.36
14,4,0,25.37,53.46,0.0,41.45,66.7
14,4,1,26.02,54.69,0.8,43.75,66.7
14,4,2,25.88,57.79,0.0,44.95,66.7
14,4,3,24.91,56.04,0.0,43.11,66.7
14,4,4,25.6,54.78,3.5,41.4,66.7
14,4,5,24.87,55.95,0.0,44.09,66.7
14,4,6,23.94,57.48,0.0,43.17,66.7
14,4,7,22.39,54.24,0.7,44.47,66.7
14,4,8,22.38,56.8,282.2,40.44,66.7
14,4,9,21.53,55.58,473.5,39.28,66.7
14,4,10,19.68,57.3,633.3,38.92,66.7
14,4,11,19.61,54.13,858.4,39.72,66.7
14,4,12,19.35,55.2,1028.9,36.89,66.7
14,4,13,18.01,56.77,1196.0,37.65,66.7
14,4,14,17.51,57.11,1104.5,36.84,66.7
14,4,15,18.3,58.34,931.8,34.41,66.7
14,4,16,18.53,57.66,739.7,36.93,66.7
14,4,17,19.3,55.59,540.8,34.57,66.7
14,4,18,19.92,54.28,310.1,37.22,66.7
14,4,19,21.18,56.82,0.6,36.76,66.7
14,4,20,21.22,55.58,0.4,35.87,66.7
14,4,21,22.04,57.58,0.1,39.07,66.7
14,4,22,24.18,54.42,0.0,42.31,66.7
14,4,23,24.51,55.49,0.0,40.24,66.7
14,5,0,24.61,52.49,0.0,42.68,64.81
14,5,1,25.39,51.17,1.5,43.14,64.81
14,5,2,25.31,56.01,0.4,40.43,64.81
14,5,3,25.29,53.98,0.0,43.91,64.81
14,5,4,23.87,55.09,0.0,41.74,64.81
14,5,5,23.99,54.26,0.3,41.94,64.81
14,5,6,22.95,51.91,0.0,44.16,64.81
14,5,7,22.21,54.9,2.9,40.87,64.81
14,5,8,21.06,56.87,325.3,38.21,64.81
14,5,9,20.29,53.61,461.7,38.4,64.81
14,5,10,18.68,52.59,599.2,39.44,64.81
14,5,11,17.67,52.67,757.8,38.44,64.81
14,5,12,18.24,53.12,1027.6,36.4,64.81
14,5,13,17.93,54.22,1094.2,32.26,64.81
14,5,14,16.5,53.72,1062.0,34.18,64.81
14,5,15,16.92,52.02,885.1,35.73,64.81
14,5,16,18.05,56.2,767.1,32.58,64.81
14,5,17,18.92,53.56,521.3,33.33,64.81
14,5,18,17.63,56.02,341.9,34.38,64.81
14,5,19,20.06,53.85,0.0,35.61,64.81
14,5,20,20.5,53.89,1.1,35.42,64.81
14,5,21,22.4,52.12,0.0,37.28,64.81
14,5,22,23.54,50.8,1.0,37.41,64.81
14,5,23,23.95,51.6,0.0,40.96,64.81
14,6,0,26.51,73.64,0.8,39.3,78.5
14,6,1,26.71,72.66,2.1,41.6,78.5
14,6,2,26.01,70.56,0.0,42.51,78.5
14,6,3,25.59,72.78,0.7,43.29,78.5
14,6,4,26.06,70.17,0.0,39.94,78.5
14,6,5,25.05,71.91,0.0,43.75,78.5
14,6,6,23.81,74.21,2.4,42.39,78.5
14,6,7,23.13,72.7,0.0,41.62,78.5
14,6,8,22.38,71.57,173.6,35.5,78.5
14,6,9,20.84,73.86,391.8,37.76,78.5
14,6,10,20.7,74.89,707.1,35.26,78.5
14,6,11,18.55,75.73,988.6,35.71,78.5
14,6,12,18.24,73.63,1038.4,34.05,78.5
14,6,13,18.91,72.69,1066.4,32.69,78.5
14,6,14,18.65,72.95,1114.2,33.79,78.5
14,6,15,18.28,72.45,760.1,31.21,78.5
14,6,16,19.25,71.6,709.8,30.15,78.5
14,6,17,20.02,73.01,555.7,29.3,78.5
14,6,18,20.29,71.77,298.0,31.46,78.5
14,6,19,21.19,73.46,0.0,35.85,78.5
14,6,20,22.66,72.12,1.8,32.04,78.5
14,6,21,23.15,72.0,2.7,35.35,78.5
14,6,22,24.69,71.3,1.0,39.23,78.5
14,6,23,25.81,72.06,1.4,38.88,78.5
14,7,0,27.35,67.95,3.8,36.88,91.73
14,7,1,27.98,69.35,5.2,41.33,91.73
14,7,2,28.78,73.21,0.0,39.85,91.73
14,7,3,28.04,66.28,0.9,38.63,91.73
14,7,4,28.36,68.34,0.0,41.84,91.73
14,7,5,26.91,70.67,0.8,40.03,91.73
14,7,6,25.97,69.68,0.0,37.66,91.73
14,7,7,25.05,70.86,1.1,39.23,91.73
14,7,8,24.04,66.02,173.7,36.61,91.73
14,7,9,22.41,68.14,382.9,35.04,91.73
14,7,10,22.71,68.85,684.9,34.79,91.73
14,7,11,21.85,70.46,825.9,36.19,91.73
14,7,12,20.27,69.23,1066.0,32.77,91.73
14,7,13,20.48,67.79,1174.3,31.88,91.73
14,7,14,19.95,68.64,1053.4,30.93,91.73
14,7,15,19.75,69.29,946.2,27.71,91.73
14,7,16,20.03,69.54,706.5,28.7,91.73
14,7,17,20.76,67.83,602.1,28.03,91.73
14,7,18,22.73,68.43,276.8,30.79,91.73
14,7,19,23.01,68.63,0.4,31.06,91.73
14,7,20,23.93,70.33,0.0,30.67,91.73
14,7,21,24.71,67.34,0.2,34.0,91.73
14,7,22,25.11,68.22,0.0,34.11,91.73
14,7,23,26.3,68.46,0.0,35.33,91.73
14,8,0,24.62,65.83,0.0,36.24,71.32
14,8,1,24.77,66.25,0.3,40.88,71.32
14,8,2,24.95,66.59,0.3,40.28,71.32
14,8,3,24.18,64.53,0.7,40.28,71.32
14,8,4,24.42,66.87,0.0,38.47,71.32
14,8,5,23.63,64.13,6.8,40.54,71.32
14,8,6,22.63,64.44,0.0,39.31,71.32
14,8,7,21.74,64.53,0.0,40.49,71.32
14,8,8,21.31,65.59,166.9,38.24,71.32
14,8,9,20.34,67.27,456.5,38.36,71.32
14,8,10,18.6,66.16,593.0,35.37,71.32
14,8,11,18.39,64.33,810.6,33.79,71.32
14,8,12,16.96,66.19,1018.8,35.01,71.32
14,8,13,16.02,67.1,1090.4,28.71,71.32
14,8,14,16.64,64.83,1036.2,28.08,71.32
14,8,15,16.66,66.68,985.2,30.19,71.32
14,8,16,17.31,65.18,655.1,27.8,71.32
14,8,17,17.62,64.98,557.1,31.24,71.32
14,8,18,18.87,64.8,235.4,31.22,71.32
14,8,19,19.82,61.63,0.0,30.36,71.32
14,8,20,20.68,64.01,0.0,32.12,71.32
14,8,21,21.6,64.14,0.0,32.02,71.32
14,8,22,22.86,66.07,0.0,37.22,71.32
14,8,23,23.36,67.51,0.0,33.19,71.32
15,1,0,33.87,21.19,0.0,31.01,5.59
15,1,1,34.9,23.2,2.8,33.49,5.59
15,1,2,34.75,21.05,0.0,32.26,5.59
15,1,3,35.14,22.57,2.7,31.26,5.59
15,1,4,34.92,23.15,0.7,33.85,5.59
15,1,5,33.67,22.69,0.0,33.47,5.59
15,1,6,31.84,23.82,0.0,32.32,5.59
15,1,7,31.53,20.0,230.4,36.96,5.59
15,1,8,29.5,24.83,290.4,32.2,5.59
15,1,9,28.73,24.24,401.9,27.85,5.59
15,1,10,28.88,23.9,544.4,29.37,5.59
15,1,11,26.8,25.16,695.4,29.72,5.59
15,1,12,25.54,22.73,793.9,28.99,5.59
15,1,13,25.49,24.65,798.0,27.02,5.59
15,1,14,25.49,20.98,835.0,25.24,5.59
15,1,15,26.41,22.64,779.7,23.77,5.59
15,1,16,26.28,22.63,612.9,29.7,5.59
15,1,17,26.72,22.94,542.7,24.47,5.59
15,1,18,28.05,24.02,374.3,29.56,5.59
15,1,19,28.56,25.56,262.8,28.28,5.59
15,1,20,30.32,26.07,0.0,28.69,5.59
15,1,21,32.0,22.42,2.0,29.13,5.59
15,1,22,31.84,21.08,0.0,31.93,5.59
15,1,23,32.37,23.56,1.8,29.82,5.59
15,2,0,34.24,46.92,3.3,35.55,48.23
15,2,1,35.25,51.42,1.5,38.9,48.23
15,2,2,35.79,48.93,1.6,38.0,48.23
15,2,3,35.58,48.76,0.0,39.38,48.23
15,2,4,33.45,49.22,0.0,42.05,48.23
15,2,5,34.05,49.53,0.0,40.04,48.23
15,2,6,32.53,49.78,0.0,38.68,48.23
15,2,7,31.16,48.33,259.9,38.8,48.23
15,2,8,30.53,44.45,252.7,37.4,48.23
15,2,9,29.1,50.29,406.7,37.1,48.23
15,2,10,28.34,47.73,526.6,32.67,48.23
15,2,11,27.83,47.5,706.5,32.1,48.23
15,2,12,26.01,48.98,759.9,31.09,48.23
15,2,13,25.47,47.4,847.7,30.22,48.23
15,2,14,26.34,48.36,968.3,30.49,48.23
15,2,15,25.22,47.82,759.4,28.44,48.23
15,2,16,26.59,47.18,660.1,26.32,48.23
15,2,17,27.86,45.78,493.1,28.26,48.23
15,2,18,28.39,47.87,374.6,31.52,48.23
15,2,19,29.73,48.2,262.3,33.59,48.23
15,2,20,30.95,47.7,2.6,32.27,48.23
15,2,21,31.26,47.87,0.0,29.47,48.23
15,2,22,32.37,48.33,0.3,32.07,48.23
15,2,23,32.61,50.35,0.2,37.82,48.23
15,3,0,34.04,49.58,0.7,33.95,43.54
15,3,1,35.36,44.22,1.0,36.11,43.54
15,3,2,35.33,48.57,0.4,37.3,43.54
15,3,3,35.35,48.22,0.5,38.84,43.54
15,3,4,33.08,47.64,2.9,38.13,43.54
15,3,5,33.67,48.0,0.0,35.44,43.54
15,3,6,33.23,47.73,0.2,34.69,43.54
15,3,7,31.77,47.86,169.7,32.5,43.54
15,3,8,29.34,48.68,219.1,37.15,43.54
15,3,9,27.93,47.47,404.3,32.24,43.54
15,3,10,27.29,47.23,504.5,31.06,43.54
15,3,11,27.87,48.79,734.6,30.96,43.54
15,3,12,26.72,44.47,778.7,30.95,43.54
15,3,13,25.41,51.31,909.8,27.25,43.54
15,3,14,25.29,47.15,810.2,25.31,43.54
15,3,15,25.91,46.49,790.5,27.61,43.54
15,3,16,25.33,51.0,667.8,27.62,43.54
15,3,17,26.51,49.6,552.2,26.52,43.54
15,3,18,28.85,48.74,412.4,27.6,43.54
15,3,19,29.25,46.16,258.5,26.86,43.54
15,3,20,29.73,51.29,0.0,27.49,43.54
15,3,21,31.16,46.72,2.9,29.16,43.54
15,3,22,32.72,50.71,0.0,32.29,43.54
15,3,23,32.89,52.34,1.9,32.5,43.54
15,4,0,34.53,46.58,0.0,31.11,40.23
15,4,1,35.29,46.35,0.0,34.52,40.23
15,4,2,34.85,47.72,0.0,33.0,40.23
15,4,3,35.79,48.17,0.0,36.07,40.23
15,4,4,34.63,47.15,2.7,32.78,40.23
15,4,5,34.62,47.85,2.0,38.38,40.23
15,4,6,32.9,47.57,0.0,33.1,40.23
15,4,7,31.18,47.43,297.0,32.67,40.23
15,4,8,30.23,47.4,258.0,33.02,40.23
15,4,9,29.27,50.13,390.2,29.87,40.23
15,4,10,27.75,47.14,472.9,25.76,40.23
15,4,11,27.56,45.09,701.5,26.91,40.23
15,4,12,26.98,45.13,817.1,26.95,40.23
15,4,13,26.23,49.4,849.7,21.74,40.23
15,4,14,26.12,48.19,826.6,23.36,40.23
15,4,15,25.87,49.9,725.7,21.51,40.23
15,4,16,25.78,47.66,717.0,27.26,40.23
15,4,17,27.57,46.24,467.1,25.44,40.23
15,4,18,28.87,46.75,424.5,24.28,40.23
15,4,19,29.67,49.43,179.7,26.09,40.23
15,4,20,31.22,46.87,0.0,27.19,40.23
15,4,21,31.77,47.22,0.0,25.15,40.23
15,4,22,33.01,50.1,0.0,27.71,40.23
15,4,23,33.85,51.98,2.2,30.1,40.23
15,5,0,34.45,49.25,0.1,35.77,44.28
15,5,1,35.04,48.07,0.0,36.65,44.28
15,5,2,34.92,50.26,2.5,38.42,44.28
15,5,3,34.25,46.55,0.0,39.81,44.28
15,5,4,33.87,50.08,0.8,36.91,44.28
15,5,5,33.65,52.49,0.0,36.57,44.28
15,5,6,32.35,46.7,0.7,38.44,44.28
15,5,7,32.11,49.74,191.2,35.68,44.28
15,5,8,29.9,47.75,267.2,35.48,44.28
15,5,9,29.03,49.1,407.2,34.23,44.28
15,5,10,27.61,50.16,548.3,34.58,44.28
15,5,11,26.76,49.51,676.5,31.07,44.28
15,5,12,25.9,53.08,752.9,30.52,44.28
15,5,13,25.43,49.66,832.6,30.32,44.28
15,5,14,24.61,51.59,863.9,27.24,44.28
15,5,15,24.49,48.57,754.5,32.48,44.28
15,5,16,26.36,47.32,616.6,28.36,44.28
15,5,17,26.94,48.06,498.6,27.53,44.28
15,5,18,27.22,50.42,396.8,30.37,44.28
15,5,19,29.17,49.29,273.1,30.36,44.28
15,5,20,30.14,49.12,0.0,31.05,44.28
15,5,21,32.49,50.49,0.0,30.89,44.28
15,5,22,32.13,53.3,0.0,34.8,44.28
15,5,23,33.15,50.43,1.6,33.87,44.28
15,6,0,33.27,49.79,0.0,36.38,53.94
15,6,1,32.98,52.93,0.0,33.32,53.94
15,6,2,32.61,54.2,0.0,36.9,53.94
15,6,3,33.9,50.04,0.0,38.22,53.94
15,6,4,33.41,51.31,0.5,37.52,53.94
15,6,5,32.05,53.81,0.4,34.74,53.94
15,6,6,31.84,51.08,0.0,37.01,53.94
15,6,7,30.07,54.71,110.3,36.29,53.94
15,6,8,29.46,52.07,267.4,34.61,53.94
15,6,9,27.68,50.77,452.9,33.3,53.94
15,6,10,28.03,53.01,433.1,34.0,53.94
15,6,11,25.99,49.92,739.7,30.72,53.94
15,6,12,25.02,52.57,840.3,30.34,53.94
15,6,13,24.84,50.96,894.6,29.32,53.94
15,6,14,24.55,51.48,880.7,27.95,53.94
15,6,15,25.34,51.3,795.5,28.15,53.94
15,6,16,24.81,51.88,552.8,26.55,53.94
15,6,17,25.23,55.0,437.7,31.72,53.94
15,6,18,27.23,51.23,398.2,27.37,53.94
15,6,19,27.38,52.12,272.5,31.05,53.94
15,6,20,29.52,51.21,2.8,31.92,53.94
15,6,21,30.6,53.82,4.4,30.56,53.94
15,6,22,31.13,51.15,0.0,33.56,53.94
15,6,23,31.73,53.9,0.0,36.0,53.94
15,7,0,32.84,55.26,3.3,35.5,62.47
15,7,1,33.68,54.54,2.0,35.46,62.47
15,7,2,34.05,55.71,2.2,35.96,62.47
15,7,3,33.27,54.41,0.0,39.84,62.47
15,7,4,32.89,54.47,0.0,35.63,62.47
15,7,5,31.86,54.38,1.3,37.69,62.47
15,7,6,31.38,53.54,1.0,39.18,62.47
15,7,7,30.45,55.26,186.3,33.9,62.47
15,7,8,28.38,54.73,275.0,35.78,62.47
15,7,9,28.55,55.14,457.2,34.06,62.47
15,7,10,26.19,53.96,512.4,34.96,62.47
15,7,11,26.04,54.83,736.8,28.3,62.47
15,7,12,25.2,52.08,791.4,29.65,62.47
15,7,13,24.78,54.39,903.9,28.18,62.47
15,7,14,24.65,54.29,767.4,26.91,62.47
15,7,15,24.37,55.72,784.5,26.04,62.47
15,7,16,24.84,57.07,650.7,27.13,62.47
15,7,17,25.89,55.19,484.9,28.55,62.47
15,7,18,26.43,55.13,371.1,29.02,62.47
15,7,19,27.33,52.82,283.0,28.97,62.47
15,7,20,29.04,53.59,1.8,29.21,62.47
15,7,21,30.03,55.23,2.3,30.54,62.47
15,7,22,32.18,54.52,0.0,33.18,62.47
15,7,23,31.97,54.7,0.0,34.03,62.47
15,8,0,33.31,50.89,2.2,35.75,52.44
15,8,1,32.96,51.35,0.0,34.7,52.44
15,8,2,32.74,49.0,0.0,40.26,52.44
15,8,3,33.44,50.91,4.0,41.5,52.44
15,8,4,33.21,48.42,0.1,40.36,52.44
15,8,5,31.87,53.22,0.1,37.9,52.44
15,8,6,30.62,54.09,0.0,36.12,52.44
15,8,7,29.71,47.93,212.8,35.51,52.44
15,8,8,28.11,50.67,322.7,37.3,52.44
15,8,9,26.99,50.94,383.7,37.9,52.44
15,8,10,26.94,49.86,579.8,35.32,52.44
15,8,11,26.24,51.77,707.5,35.61,52.44
15,8,12,24.83,49.51,800.2,31.88,52.44
15,8,13,24.67,50.76,863.8,29.57,52.44
15,8,14,24.46,48.74,877.9,32.02,52.44
15,8,15,24.54,51.13,755.3,29.17,52.44
15,8,16,24.82,53.64,655.7,27.89,52.44
15,8,17,24.7,48.51,488.2,31.98,52.44
15,8,18,26.0,52.8,371.5,31.3,52.44
15,8,19,27.85,51.55,225.2,27.87,52.44
15,8,20,28.52,49.33,0.6,32.74,52.44
15,8,21,29.87,53.3,0.0,30.28,52.44
15,8,22,31.18,52.45,0.6,34.37,52.44
15,8,23,32.2,53.42,0.0,36.25,52.44
16,1,0,30.79,22.02,0.0,79.93,8.98
16,1,1,32.45,20.12,0.0,81.32,8.98
16,1,2,31.75,21.89,0.0,80.73,8.98
16,1,3,30.88,21.2,0.0,80.61,8.98
16,1,4,31.53,22.49,0.0,82.97,8.98
16,1,5,30.83,19.14,4.1,81.69,8.98
16,1,6,30.06,22.1,0.0,82.8,8.98
16,1,7,28.73,18.82,265.1,80.18,8.98
16,1,8,27.18,18.99,504.6,82.47,8.98
16,1,9,26.69,22.86,605.9,77.9,8.98
16,1,10,24.7,21.92,836.9,77.45,8.98
16,1,11,24.77,21.56,952.0,75.25,8.98
16,1,12,23.73,22.51,1154.6,77.91,8.98
16,1,13,23.74,21.61,1113.7,72.06,8.98
16,1,14,22.57,22.08,1217.7,73.86,8.98
16,1,15,23.51,20.58,1017.4,73.97,8.98
16,1,16,22.4,20.33,854.9,72.98,8.98
16,1,17,23.53,17.3,580.4,72.63,8.98
16,1,18,24.64,21.16,447.4,74.24,8.98
16,1,19,25.03,18.98,250.4,74.89,8.98
16,1,20,27.65,21.66,0.0,74.57,8.98
16,1,21,28.25,22.1,0.0,77.54,8.98
16,1,22,29.83,20.88,0.0,75.53,8.98
16,1,23,30.37,20.45,0.0,78.56,8.98
16,2,0,33.53,18.27,0.0,78.81,1.43
16,2,1,33.63,20.51,1.6,79.18,1.43
16,2,2,34.57,18.29,1.6,80.89,1.43
16,2,3,33.77,18.46,0.7,83.17,1.43
16,2,4,33.34,18.43,2.4,80.5,1.43
16,2,5,33.15,21.32,0.0,80.17,1.43
16,2,6,31.64,17.66,0.0,77.34,1.43
16,2,7,30.69,18.31,237.8,79.07,1.43
16,2,8,29.09,21.04,403.0,80.15,1.43
16,2,9,28.22,18.13,583.8,78.96,1.43
16,2,10,27.46,17.97,830.6,71.85,1.43
16,2,11,25.49,17.98,955.7,75.92,1.43
16,2,12,24.46,16.97,1148.8,73.24,1.43
16,2,13,24.78,22.19,1198.4,73.69,1.43
16,2,14,24.77,18.29,1080.6,72.45,1.43
16,2,15,25.34,18.78,1008.6,72.01,1.43
16,2,16,25.13,18.59,825.6,67.71,1.43
16,2,17,26.39,17.42,656.4,73.78,1.43
16,2,18,26.77,17.08,407.5,70.66,1.43
16,2,19,28.57,19.46,250.9,71.99,1.43
16,2,20,28.88,20.35,3.2,71.1,1.43
16,2,21,29.85,18.5,0.0,72.18,1.43
16,2,22,31.06,18.82,0.0,75.95,1.43
16,2,23,32.44,17.28,0.0,75.1,1.43
16,3,0,30.6,33.1,0.0,78.51,19.01
16,3,1,31.58,35.42,0.6,77.98,19.01
16,3,2,30.75,34.16,0.0,76.61,19.01
16,3,3,30.19,34.55,0.3,78.24,19.01
16,3,4,30.31,31.2,0.5,78.39,19.01
16,3,5,30.24,34.16,1.4,78.68,19.01
16,3,6,28.92,35.34,0.0,78.9,19.01
16,3,7,27.49,33.75,377.1,78.36,19.01
16,3,8,26.24,34.58,364.7,76.03,19.01
16,3,9,24.83,34.62,614.9,75.58,19.01
16,3,10,24.57,33.25,799.0,73.8,19.01
16,3,11,22.79,33.93,1003.1,72.91,19.01
16,3,12,22.69,31.54,1047.8,69.61,19.01
16,3,13,22.07,33.52,1030.7,73.25,19.01
16,3,14,20.87,33.99,1144.3,68.45,19.01
16,3,15,22.34,32.43,991.1,65.76,19.01
16,3,16,23.07,33.94,706.9,69.8,19.01
16,3,17,24.04,32.55,589.5,68.26,19.01
16,3,18,23.8,32.63,380.4,68.64,19.01
16,3,19,25.13,33.3,312.3,71.33,19.01
16,3,20,25.74,33.05,2.5,71.8,19.01
16,3,21,27.88,34.3,0.0,72.5,19.01
16,3,22,28.63,35.23,0.0,73.69,19.01
16,3,23,30.16,33.45,0.0,74.62,19.01
16,4,0,31.74,45.71,0.0,76.14,59.36
16,4,1,31.11,48.49,0.0,81.17,59.36
16,4,2,31.89,46.92,0.0,78.25,59.36
16,4,3,32.19,49.14,5.9,77.62,59.36
16,4,4,31.47,47.05,0.7,81.67,59.36
16,4,5,31.12,46.27,1.4,76.26,59.36
16,4,6,28.54,47.71,1.2,79.45,59.36
16,4,7,29.56,48.24,278.2,79.87,59.36
16,4,8,27.22,48.66,465.2,75.64,59.36
16,4,9,26.4,51.36,692.0,74.63,59.36
16,4,10,26.26,49.11,848.3,74.45,59.36
16,4,11,24.47,48.25,1001.9,73.1,59.36
16,4,12,23.87,49.38,1113.8,69.82,59.36
16,4,13,22.94,47.0,1135.0,70.88,59.36
16,4,14,22.23,45.67,1128.5,70.31,59.36
16,4,15,22.92,48.85,942.8,70.27,59.36
16,4,16,24.06,47.7,910.1,69.67,59.36
16,4,17,23.7,49.36,595.1,71.35,59.36
16,4,18,25.29,47.59,506.4,69.52,59.36
16,4,19,25.12,49.4,288.4,72.99,59.36
16,4,20,26.97,47.71,0.0,73.5,59.36
16,4,21,28.94,48.4,0.4,71.58,59.36
16,4,22,30.12,49.26,4.6,75.3,59.36
16,4,23,31.01,48.8,0.0,77.77,59.36
16,5,0,31.9,44.12,0.3,74.42,43.82
16,5,1,32.8,42.64,0.0,76.14,43.82
16,5,2,32.55,44.81,0.0,77.27,43.82
16,5,3,32.87,45.81,2.1,77.54,43.82
16,5,4,32.32,45.31,1.4,75.04,43.82
16,5,5,30.9,47.45,0.0,77.03,43.82
16,5,6,30.97,44.93,0.0,76.93,43.82
16,5,7,29.09,45.12,244.7,77.61,43.82
16,5,8,28.77,44.87,358.5,74.12,43.82
16,5,9,26.77,45.83,567.3,72.55,43.82
16,5,10,25.99,46.48,787.5,70.41,43.82
16,5,11,26.42,46.25,985.2,72.42,43.82
16,5,12,23.98,46.37,1131.8,70.05,43.82
16,5,13,23.52,42.9,1275.2,67.46,43.82
16,5,14,22.74,44.75,1055.6,68.0,43.82
16,5,15,23.92,46.56,1028.5,67.12,43.82
16,5,16,24.06,45.68,697.5,68.26,43.82
16,5,17,24.05,48.13,578.2,67.3,43.82
16,5,18,25.35,44.13,550.2,69.49,43.82
16,5,19,26.09,47.33,337.5,68.45,43.82
16,5,20,28.22,45.05,3.9,68.71,43.82
16,5,21,29.34,44.43,0.0,74.4,43.82
16,5,22,29.79,45.4,0.0,71.81,43.82
16,5,23,31.56,43.83,1.2,73.3,43.82
16,6,0,34.21,43.69,1.5,84.13,37.27
16,6,1,34.23,45.57,2.0,82.42,37.27
16,6,2,34.85,44.39,0.0,83.47,37.27
16,6,3,33.68,43.35,0.0,85.93,37.27
16,6,4,34.32,44.95,0.0,83.89,37.27
16,6,5,33.08,44.52,0.0,85.86,37.27
16,6,6,32.92,42.99,0.0,85.1,37.27
16,6,7,31.27,45.6,284.9,86.71,37.27
16,6,8,29.31,45.75,450.7,80.96,37.27
16,6,9,27.87,42.8,696.2,83.5,37.27
16,6,10,27.72,43.94,773.9,80.29,37.27
16,6,11,26.59,47.05,928.8,79.86,37.27
16,6,12,26.96,45.65,1057.2,75.75,37.27
16,6,13,25.76,44.71,1234.1,77.85,37.27
16,6,14,25.22,43.66,1035.6,76.43,37.27
16,6,15,24.92,45.85,1015.4,76.57,37.27
16,6,16,25.42,44.26,777.0,75.72,37.27
16,6,17,27.09,43.72,574.0,76.76,37.27
16,6,18,27.22,43.37,418.3,77.59,37.27
16,6,19,28.42,47.17,189.6,79.36,37.27
16,6,20,30.71,42.34,0.0,79.15,37.27
16,6,21,31.12,42.98,3.6,77.48,37.27
16,6,22,32.07,43.57,0.0,80.7,37.27
16,6,23,32.94,45.7,1.9,82.21,37.27
16,7,0,32.68,40.2,0.4,78.77,36.05
16,7,1,33.01,42.0,0.0,77.66,36.05
16,7,2,31.95,43.12,1.7,81.69,36.05
16,7,3,33.05,38.7,0.0,81.18,36.05
16,7,4,32.5,41.56,0.7,81.11,36.05
16,7,5,31.75,40.94,2.0,80.28,36.05
16,7,6,30.07,40.74,0.0,81.92,36.05
16,7,7,29.59,41.62,211.8,80.81,36.05
16,7,8,28.08,41.75,525.2,79.36,36.05
16,7,9,26.39,39.24,622.1,75.57,36.05
16,7,10,26.41,41.96,833.3,75.04,36.05
16,7,11,25.99,46.16,984.5,75.33,36.05
16,7,12,24.43,41.51,1074.1,71.97,36.05
16,7,13,23.35,42.5,1132.3,68.69,36.05
16,7,14,23.99,41.84,1189.8,72.33,36.05
16,7,15,23.18,38.55,939.3,70.33,36.05
16,7,16,24.86,41.88,865.6,69.11,36.05
16,7,17,25.61,42.98,484.4,73.25,36.05
16,7,18,26.13,42.48,367.7,73.68,36.05
16,7,19,26.61,43.14,315.8,71.1,36.05
16,7,20,29.4,42.24,1.3,71.31,36.05
16,7,21,30.67,40.06,2.0,73.31,36.05
16,7,22,30.42,43.08,2.1,74.19,36.05
16,7,23,32.24,43.46,0.0,79.79,36.05
16,8,0,32.22,37.9,0.0,77.08,29.58
16,8,1,31.98,38.5,0.0,77.4,29.58
16,8,2,31.78,39.43,0.0,76.54,29.58
16,8,3,32.39,37.2,0.0,76.38,29.58
16,8,4,30.81,39.14,2.3,77.68,29.58
16,8,5,30.52,35.62,0.0,79.28,29.58
16,8,6,28.97,36.63,0.6,77.82,29.58
16,8,7,29.0,38.35,263.7,75.19,29.58
16,8,8,27.32,37.91,329.2,74.68,29.58
16,8,9,26.25,37.31,606.0,75.65,29.58
16,8,10,25.71,40.61,736.0,72.73,29.58
16,8,11,24.97,35.72,932.3,71.14,29.58
16,8,12,24.64,36.88,1185.5,70.81,29.58
16,8,13,22.58,42.54,1173.8,70.39,29.58
16,8,14,23.26,39.03,1236.6,71.71,29.58
16,8,15,22.68,41.37,940.5,69.01,29.58
16,8,16,22.89,39.9,781.8,66.63,29.58
16,8,17,24.95,40.5,687.2,66.24,29.58
16,8,18,26.1,37.89,537.2,69.96,29.58
16,8,19,26.56,38.36,267.3,68.8,29.58
16,8,20,27.1,37.8,2.4,68.76,29.58
16,8,21,29.51,38.56,1.6,73.31,29.58
16,8,22,30.42,38.38,0.1,74.7,29.58
16,8,23,30.4,36.55,0.0,75.08,29.58
17,1,0,37.6,78.11,2.4,55.51,26.73
17,1,1,37.65,81.65,0.0,57.49,26.73
17,1,2,38.41,77.04,2.5,59.01,26.73
17,1,3,38.83,77.72,0.2,58.61,26.73
17,1,4,37.79,76.56,0.2,56.58,26.73
17,1,5,37.22,75.55,0.0,59.78,26.73
17,1,6,35.95,77.26,2.5,58.54,26.73
17,1,7,35.72,78.49,5.4,56.35,26.73
17,1,8,35.14,78.65,264.6,56.95,26.73
17,1,9,33.41,77.16,531.9,54.98,26.73
17,1,10,32.48,75.03,924.2,52.98,26.73
17,1,11,30.82,80.15,1101.5,54.25,26.73
17,1,12,31.09,78.74,1290.6,51.95,26.73
17,1,13,30.27,77.46,1438.8,49.97,26.73
17,1,14,30.36,80.37,1354.3,49.42,26.73
17,1,15,30.17,79.39,1233.5,50.24,26.73
17,1,16,30.58,78.05,1031.3,49.1,26.73
17,1,17,31.04,80.7,597.5,50.07,26.73
17,1,18,31.67,81.57,370.2,51.12,26.73
17,1,19,33.21,78.19,303.4,51.14,26.73
17,1,20,33.81,77.52,1.3,48.66,26.73
17,1,21,34.99,83.3,0.0,54.15,26.73
17,1,22,35.93,79.5,1.3,55.42,26.73
17,1,23,36.94,81.72,0.0,55.37,26.73
17,2,0,39.39,78.84,0.0,54.88,26.01
17,2,1,38.86,79.44,0.0,57.5,26.01
17,2,2,38.14,78.17,2.8,57.58,26.01
17,2,3,39.33,80.36,4.9,61.86,26.01
17,2,4,39.02,79.59,0.0,61.75,26.01
17,2,5,38.54,79.3,2.6,64.63,26.01
17,2,6,37.14,79.19,0.0,60.0,26.01
17,2,7,36.77,79.17,0.4,58.64,26.01
17,2,8,35.39,78.29,294.5,58.65,26.01
17,2,9,35.12,78.61,523.5,59.64,26.01
17,2,10,33.2,80.46,799.5,55.49,26.01
17,2,11,33.07,79.24,1113.1,51.95,26.01
17,2,12,32.14,77.86,1379.6,53.28,26.01
17,2,13,31.5,80.2,1422.4,54.52,26.01
17,2,14,32.0,77.22,1350.3,52.4,26.01
17,2,15,30.88,76.69,1155.8,50.47,26.01
17,2,16,29.71,77.37,851.4,52.19,26.01
17,2,17,32.83,79.46,723.4,51.46,26.01
17,2,18,32.68,80.92,484.8,52.52,26.01
17,2,19,34.56,79.84,312.4,52.3,26.01
17,2,20,35.11,79.77,0.4,52.24,26.01
17,2,21,36.46,79.46,2.4,51.46,26.01
17,2,22,37.12,77.96,0.0,56.31,26.01
17,2,23,37.2,79.24,0.1,55.19,26.01
17,3,0,39.49,97.69,0.5,56.43,4.48
17,3,1,39.52,96.66,0.6,59.46,4.48
17,3,2,40.13,98.55,2.0,60.67,4.48
17,3,3,39.0,98.32,1.6,59.9,4.48
17,3,4,39.25,96.64,0.0,57.83,4.48
17,3,5,38.05,95.18,0.0,58.61,4.48
17,3,6,38.37,97.27,0.0,58.75,4.48
17,3,7,37.47,98.35,0.1,60.75,4.48
17,3,8,35.45,96.88,277.2,57.4,4.48
17,3,9,34.84,94.01,637.9,57.88,4.48
17,3,10,34.38,100.0,879.7,55.35,4.48
17,3,11,32.26,97.13,1142.3,52.12,4.48
17,3,12,32.32,96.56,1338.3,54.23,4.48
17,3,13,31.78,96.84,1436.3,51.64,4.48
17,3,14,31.7,97.61,1349.8,49.32,4.48
17,3,15,32.73,94.91,1202.4,51.1,4.48
17,3,16,32.67,96.79,769.9,49.4,4.48
17,3,17,33.21,96.38,752.2,52.15,4.48
17,3,18,34.13,95.45,440.6,53.57,4.48
17,3,19,34.73,96.4,326.2,53.77,4.48
17,3,20,35.39,95.8,0.0,52.51,4.48
17,3,21,37.14,95.99,3.5,54.33,4.48
17,3,22,37.75,96.01,0.0,55.31,4.48
17,3,23,38.79,96.36,0.5,55.74,4.48
17,4,0,39.14,94.47,1.7,58.3,7.67
17,4,1,39.1,95.03,0.0,57.8,7.67
17,4,2,38.88,96.15,1.9,57.34,7.67
17,4,3,39.02,93.89,0.9,57.26,7.67
17,4,4,38.63,93.29,0.6,57.87,7.67
17,4,5,37.53,95.39,0.0,57.32,7.67
17,4,6,36.98,92.48,0.0,58.45,7.67
17,4,7,35.31,92.12,4.1,58.18,7.67
17,4,8,34.67,94.26,420.1,57.95,7.67
17,4,9,33.97,95.1,453.7,53.67,7.67
17,4,10,33.17,94.13,786.7,54.35,7.67
17,4,11,31.96,93.22,1174.8,54.03,7.67
17,4,12,31.15,92.05,1272.5,51.42,7.67
17,4,13,30.93,95.2,1420.4,51.03,7.67
17,4,14,30.49,95.39,1164.9,50.88,7.67
17,4,15,31.72,92.99,1298.1,49.03,7.67
17,4,16,31.68,94.14,1198.9,50.98,7.67
17,4,17,32.62,92.27,726.4,47.91,7.67
17,4,18,33.5,93.84,399.6,49.75,7.67
17,4,19,33.61,93.86,230.3,50.46,7.67
17,4,20,35.42,93.55,0.0,51.76,7.67
17,4,21,36.41,91.97,0.5,54.64,7.67
17,4,22,37.3,93.72,1.3,54.64,7.67
17,4,23,38.2,90.6,0.0,56.76,7.67
17,5,0,37.58,90.92,0.0,62.33,12.73
17,5,1,38.09,90.98,1.3,63.89,12.73
17,5,2,38.25,87.15,0.3,63.82,12.73
17,5,3,38.4,89.03,0.1,64.35,12.73
17,5,4,37.27,87.93,0.8,65.92,12.73
17,5,5,36.69,89.34,1.7,65.63,12.73
17,5,6,36.3,90.28,1.1,64.81,12.73
17,5,7,34.7,92.54,0.5,64.04,12.73
17,5,8,33.84,89.38,406.8,59.2,12.73
17,5,9,32.76,88.57,506.9,60.86,12.73
17,5,10,32.22,91.8,772.1,59.76,12.73
17,5,11,31.01,87.09,1144.3,59.12,12.73
17,5,12,31.1,87.69,1307.1,57.81,12.73
17,5,13,30.91,90.6,1463.7,57.48,12.73
17,5,14,30.35,90.41,1432.3,55.66,12.73
17,5,15,31.03,90.97,1164.7,52.62,12.73
17,5,16,30.83,87.89,981.7,54.4,12.73
17,5,17,32.1,90.42,784.8,53.85,12.73
17,5,18,33.03,91.0,508.2,52.37,12.73
17,5,19,33.8,92.32,291.3,55.92,12.73
17,5,20,33.96,87.21,0.0,59.4,12.73
17,5,21,35.78,88.5,0.0,61.32,12.73
17,5,22,35.68,88.59,0.0,57.37,12.73
17,5,23,36.73,88.88,0.0,62.7,12.73
17,6,0,37.0,86.0,3.3,58.73,18.81
17,6,1,36.42,84.32,0.1,57.63,18.81
17,6,2,35.99,88.24,1.4,60.6,18.81
17,6,3,37.03,86.86,0.0,60.62,18.81
17,6,4,36.49,88.49,0.0,62.33,18.81
17,6,5,36.34,85.48,0.3,61.42,18.81
17,6,6,36.19,86.69,0.0,59.9,18.81
17,6,7,35.47,88.24,1.8,60.21,18.81
17,6,8,33.9,87.96,348.4,55.95,18.81
17,6,9,32.57,84.99,522.6,55.7,18.81
17,6,10,32.83,86.42,875.8,53.65,18.81
17,6,11,29.85,84.99,1203.8,54.69,18.81
17,6,12,30.45,87.33,1259.9,55.07,18.81
17,6,13,29.44,88.33,1427.1,49.27,18.81
17,6,14,29.25,83.54,1443.7,51.12,18.81
17,6,15,28.64,86.78,1171.4,48.43,18.81
17,6,16,30.99,86.38,955.3,49.89,18.81
17,6,17,30.02,84.26,806.3,49.95,18.81
17,6,18,31.6,83.15,386.1,52.07,18.81
17,6,19,32.72,88.85,384.5,51.6,18.81
17,6,20,33.78,85.74,4.1,54.71,18.81
17,6,21,34.65,86.52,2.9,55.06,18.81
17,6,22,36.29,82.93,0.9,54.71,18.81
17,6,23,37.2,88.54,0.1,59.08,18.81
17,7,0,38.99,81.21,0.0,59.55,15.93
17,7,1,40.32,85.4,1.7,60.28,15.93
17,7,2,40.81,81.97,0.0,62.69,15.93
17,7,3,39.8,82.38,2.0,63.61,15.93
17,7,4,39.63,80.9,0.0,65.7,15.93
17,7,5,39.68,85.48,0.5,62.09,15.93
17,7,6,38.84,85.26,0.0,61.05,15.93
17,7,7,36.68,82.23,1.3,60.43,15.93
17,7,8,36.89,86.29,382.1,60.27,15.93
17,7,9,35.68,82.48,551.1,58.16,15.93
17,7,10,33.89,84.69,815.8,59.46,15.93
17,7,11,33.91,83.31,1159.8,55.08,15.93
17,7,12,32.63,84.41,1147.6,55.31,15.93
17,7,13,32.93,85.31,1502.2,54.06,15.93
17,7,14,32.88,82.13,1331.2,55.51,15.93
17,7,15,32.61,83.58,1136.7,53.59,15.93
17,7,16,33.4,84.43,891.1,54.29,15.93
17,7,17,33.15,83.3,603.1,52.69,15.93
17,7,18,33.96,82.67,482.5,54.7,15.93
17,7,19,35.8,79.84,337.9,54.56,15.93
17,7,20,36.14,82.02,0.0,55.64,15.93
17,7,21,37.63,83.05,0.0,55.75,15.93
17,7,22,37.79,86.42,0.1,58.9,15.93
17,7,23,39.51,83.81,0.0,58.27,15.93
17,8,0,38.25,86.29,0.0,57.67,15.61
17,8,1,38.9,88.16,0.0,59.44,15.61
17,8,2,38.18,87.61,1.2,58.48,15.61
17,8,3,38.54,86.98,0.0,63.78,15.61
17,8,4,38.8,87.21,0.0,58.12,15.61
17,8,5,36.76,86.41,0.0,60.81,15.61
17,8,6,36.91,89.12,0.6,58.86,15.61
17,8,7,35.96,89.06,0.0,56.92,15.61
17,8,8,35.37,88.24,186.3,61.75,15.61
17,8,9,33.52,91.76,622.8,57.14,15.61
17,8,10,32.91,87.04,854.8,59.17,15.61
17,8,11,31.55,88.9,1052.7,54.6,15.61
17,8,12,32.37,88.89,1353.5,53.76,15.61
17,8,13,32.34,86.68,1285.5,55.14,15.61
17,8,14,30.66,88.72,1482.4,52.45,15.61
17,8,15,32.1,88.31,1159.4,47.79,15.61
17,8,16,31.53,84.75,998.6,53.34,15.61
17,8,17,31.99,88.39,780.5,52.32,15.61
17,8,18,33.4,88.07,320.7,53.58,15.61
17,8,19,33.64,86.79,314.0,52.89,15.61
17,8,20,34.4,86.17,0.9,52.37,15.61
17,8,21,35.85,88.66,1.9,58.03,15.61
17,8,22,36.86,87.47,3.3,57.72,15.61
17,8,23,37.64,88.46,0.1,57.69,15.61
18,1,0,19.5,75.78,2.8,29.86,36.54
18,1,1,19.83,71.82,0.0,32.22,36.54
18,1,2,19.85,74.26,0.0,33.59,36.54
18,1,3,19.64,73.67,2.4,32.28,36.54
18,1,4,19.13,71.22,0.0,34.04,36.54
18,1,5,18.65,71.62,0.0,31.07,36.54
18,1,6,18.02,72.17,0.0,35.69,36.54
18,1,7,16.97,74.94,412.8,29.99,36.54
18,1,8,16.71,72.22,315.4,29.71,36.54
18,1,9,16.32,75.85,700.9,31.16,36.54
18,1,10,15.24,75.34,946.6,28.5,36.54
18,1,11,13.66,69.67,1052.3,28.02,36.54
18,1,12,14.3,70.13,1035.3,26.44,36.54
18,1,13,14.03,72.22,1043.3,24.67,36.54
18,1,14,14.43,73.19,1079.3,23.7,36.54
18,1,15,12.45,72.03,875.7,25.07,36.54
18,1,16,15.85,73.86,909.0,25.23,36.54
18,1,17,14.34,73.34,676.9,27.3,36.54
18,1,18,14.96,73.2,331.9,26.29,36.54
18,1,19,16.71,72.88,234.1,26.39,36.54
18,1,20,16.87,72.94,0.4,26.62,36.54
18,1,21,17.9,73.92,0.0,26.57,36.54
18,1,22,17.96,73.92,0.3,28.42,36.54
18,1,23,18.8,72.32,1.8,31.17,36.54
18,2,0,19.08,69.98,0.0,34.52,46.08
18,2,1,18.38,67.48,0.0,33.93,46.08
18,2,2,19.56,69.71,0.0,35.01,46.08
18,2,3,19.29,70.41,0.3,34.66,46.08
18,2,4,18.55,72.94,0.0,37.12,46.08
18,2,5,19.37,68.96,3.7,35.35,46.08
18,2,6,16.73,68.5,0.0,33.38,46.08
18,2,7,16.83,70.85,290.5,34.53,46.08
18,2,8,16.99,68.24,510.0,31.49,46.08
18,2,9,15.09,69.05,717.7,31.48,46.08
18,2,10,14.42,69.77,852.1,30.0,46.08
18,2,11,14.04,71.0,914.4,30.77,46.08
18,2,12,13.59,71.47,1108.8,30.38,46.08
18,2,13,13.29,70.6,1144.5,28.8,46.08
18,2,14,13.33,69.61,943.4,29.86,46.08
18,2,15,13.26,68.86,850.8,27.73,46.08
18,2,16,14.11,68.92,629.6,25.49,46.08
18,2,17,14.53,69.74,576.2,26.09,46.08
18,2,18,14.1,70.81,331.3,26.92,46.08
18,2,19,15.05,70.86,303.0,27.48,46.08
18,2,20,16.65,67.13,0.0,27.47,46.08
18,2,21,17.55,69.93,1.3,29.43,46.08
18,2,22,18.09,67.69,0.0,31.29,46.08
18,2,23,17.84,70.43,0.0,31.23,46.08
18,3,0,18.33,64.51,0.0,34.36,42.95
18,3,1,19.7,66.49,0.0,36.68,42.95
18,3,2,18.37,64.48,2.0,36.49,42.95
18,3,3,18.99,68.53,3.6,38.33,42.95
18,3,4,19.64,61.77,0.0,37.09,42.95
18,3,5,18.5,64.38,0.0,38.21,42.95
18,3,6,18.31,67.52,0.0,35.82,42.95
18,3,7,16.01,64.67,372.9,35.42,42.95
18,3,8,17.69,64.73,483.9,33.25,42.95
18,3,9,16.03,62.14,689.3,35.18,42.95
18,3,10,15.88,63.58,837.1,33.64,42.95
18,3,11,14.83,63.82,847.7,32.02,42.95
18,3,12,14.08,64.26,1118.9,30.23,42.95
18,3,13,13.22,62.22,1038.3,32.85,42.95
18,3,14,14.14,65.4,1035.5,28.1,42.95
18,3,15,14.46,64.38,955.2,27.45,42.95
18,3,16,15.13,66.23,826.9,26.92,42.95
18,3,17,15.14,64.64,584.8,30.42,42.95
18,3,18,14.68,65.42,434.8,29.25,42.95
18,3,19,15.66,68.24,199.6,31.45,42.95
18,3,20,17.22,67.96,0.0,28.99,42.95
18,3,21,18.1,62.3,0.0,30.77,42.95
18,3,22,18.13,67.5,0.0,31.88,42.95
18,3,23,18.78,65.82,0.9,33.82,42.95
18,4,0,18.56,89.19,0.0,39.27,19.88
18,4,1,19.07,86.85,0.2,40.36,19.88
18,4,2,18.4,87.78,0.0,41.68,19.88
18,4,3,19.69,87.09,0.0,41.74,19.88
18,4,4,18.3,88.4,0.0,44.67,19.88
18,4,5,18.85,87.28,1.4,41.34,19.88
18,4,6,17.7,86.97,1.5,43.58,19.88
18,4,7,17.39,88.89,374.1,41.47,19.88
18,4,8,15.69,90.06,575.3,39.25,19.88
18,4,9,15.34,88.43,681.5,38.1,19.88
18,4,10,14.22,87.97,858.7,38.19,19.88
18,4,11,14.43,87.1,1034.2,35.91,19.88
18,4,12,13.57,87.24,980.6,34.33,19.88
18,4,13,13.86,88.02,1184.3,33.18,19.88
18,4,14,13.67,88.7,1174.6,32.99,19.88
18,4,15,13.0,88.78,1026.3,31.79,19.88
18,4,16,14.22,89.35,814.3,32.29,19.88
18,4,17,13.91,87.39,604.0,33.64,19.88
18,4,18,15.01,86.94,441.3,34.07,19.88
18,4,19,15.72,86.26,260.9,34.99,19.88
18,4,20,15.57,84.37,3.0,35.37,19.88
18,4,21,17.3,85.9,1.5,36.22,19.88
18,4,22,16.89,89.65,0.3,36.51,19.88
18,4,23,18.08,84.49,1.2,38.79,19.88
18,5,0,18.16,80.56,1.3,30.3,23.26
18,5,1,18.7,80.31,0.0,34.78,23.26
18,5,2,19.0,79.58,0.0,35.63,23.26
18,5,3,18.58,77.65,0.0,33.86,23.26
18,5,4,17.86,80.45,0.0,34.59,23.26
18,5,5,18.34,80.89,0.5,36.03,23.26
18,5,6,16.84,82.19,1.1,33.8,23.26
18,5,7,16.95,80.52,321.1,37.12,23.26
18,5,8,15.25,78.04,349.2,33.51,23.26
18,5,9,15.76,80.8,635.2,32.8,23.26
18,5,10,14.66,81.36,889.3,29.5,23.26
18,5,11,14.07,80.07,1058.0,28.38,23.26
18,5,12,14.31,78.05,1145.3,29.67,23.26
18,5,13,13.4,81.63,1072.9,25.97,23.26
18,5,14,14.24,79.44,1082.8,28.23,23.26
18,5,15,13.89,81.15,960.9,27.65,23.26
18,5,16,13.92,80.19,682.8,26.37,23.26
18,5,17,14.73,78.6,566.1,26.7,23.26
18,5,18,15.56,78.52,454.4,26.03,23.26
18,5,19,15.15,78.88,234.8,28.11,23.26
18,5,20,16.11,81.33,0.0,29.44,23.26
18,5,21,17.17,77.99,3.0,30.11,23.26
18,5,22,18.02,81.99,1.9,30.7,23.26
18,5,23,18.59,77.54,0.8,34.79,23.26
18,6,0,18.5,77.44,0.0,35.86,34.37
18,6,1,19.48,74.76,2.9,35.01,34.37
18,6,2,19.56,76.01,0.0,35.54,34.37
18,6,3,19.77,76.76,0.0,39.04,34.37
18,6,4,19.24,73.72,0.0,39.86,34.37
18,6,5,18.75,74.79,0.0,37.21,34.37
18,6,6,17.79,74.37,0.0,39.19,34.37
18,6,7,17.81,73.73,330.8,35.34,34.37
18,6,8,16.46,75.12,452.3,38.66,34.37
18,6,9,15.64,74.43,609.1,36.01,34.37
18,6,10,14.35,74.5,908.0,33.52,34.37
18,6,11,14.68,78.84,993.0,30.8,34.37
18,6,12,14.0,73.94,1146.0,31.52,34.37
18,6,13,14.42,77.46,1077.6,28.2,34.37
18,6,14,13.73,74.33,1054.6,30.52,34.37
18,6,15,13.77,75.87,918.3,29.53,34.37
18,6,16,13.8,72.35,784.2,29.64,34.37
18,6,17,14.81,74.68,516.2,29.07,34.37
18,6,18,15.25,75.45,511.1,27.4,34.37
18,6,19,16.75,75.69,169.8,29.35,34.37
18,6,20,17.07,75.09,0.0,30.41,34.37
18,6,21,16.9,76.38,1.5,30.27,34.37
18,6,22,17.66,76.78,0.0,31.53,34.37
18,6,23,18.01,76.17,0.6,33.42,34.37
18,7,0,19.4,66.26,4.4,30.7,42.18
18,7,1,20.62,67.95,0.1,32.81,42.18
18,7,2,20.25,69.08,0.0,29.86,42.18
18,7,3,20.06,68.72,0.0,32.28,42.18
18,7,4,19.04,68.18,0.0,33.9,42.18
18,7,5,19.04,67.12,0.0,29.87,42.18
18,7,6,18.83,69.67,1.8,33.33,42.18
18,7,7,18.8,69.6,295.6,30.7,42.18
18,7,8,16.06,69.12,484.1,31.8,42.18
18,7,9,16.09,68.93,595.8,28.04,42.18
18,7,10,14.96,70.2,886.3,26.2,42.18
18,7,11,15.32,68.22,945.7,25.8,42.18
18,7,12,14.52,69.63,1065.2,27.99,42.18
18,7,13,14.41,68.33,1129.6,24.63,42.18
18,7,14,14.4,68.92,1055.6,21.41,42.18
18,7,15,13.93,69.21,1007.1,19.63,42.18
18,7,16,14.02,66.0,800.9,23.2,42.18
18,7,17,14.7,71.47,557.6,24.23,42.18
18,7,18,16.18,66.72,387.7,21.27,42.18
18,7,19,15.79,67.78,204.9,23.11,42.18
18,7,20,18.16,69.21,0.0,23.45,42.18
18,7,21,17.73,71.27,0.0,25.61,42.18
18,7,22,18.84,69.98,0.0,25.46,42.18
18,7,23,19.34,70.13,0.0,26.94,42.18
18,8,0,21.64,88.02,1.3,35.77,30.34
18,8,1,20.16,87.23,0.5,41.46,30.34
18,8,2,20.52,84.92,2.1,38.7,30.34
18,8,3,21.6,84.97,0.1,38.52,30.34
18,8,4,20.94,88.45,0.8,39.28,30.34
18,8,5,21.06,84.01,3.4,38.39,30.34
18,8,6,19.91,87.45,0.0,39.92,30.34
18,8,7,19.67,81.77,374.4,38.87,30.34
18,8,8,19.08,83.92,399.4,37.15,30.34
18,8,9,17.34,84.85,625.3,33.75,30.34
18,8,10,16.89,85.5,817.6,35.9,30.34
18,8,11,16.39,83.08,962.9,34.35,30.34
18,8,12,15.78,82.92,1144.2,31.51,30.34
18,8,13,14.99,85.22,1083.1,32.84,30.34
18,8,14,15.96,86.24,1045.4,31.97,30.34
18,8,15,14.84,86.8,901.1,33.59,30.34
18,8,16,16.46,84.86,759.4,32.25,30.34
18,8,17,15.22,84.92,672.5,31.91,30.34
18,8,18,16.52,85.63,356.9,30.63,30.34
18,8,19,17.79,85.92,311.1,33.78,30.34
18,8,20,17.76,85.19,0.0,32.37,30.34
18,8,21,18.71,85.91,2.1,35.84,30.34
18,8,22,19.22,84.97,0.0,33.72,30.34
18,8,23,20.03,85.67,1.0,37.74,30.34
19,1,0,22.52,63.62,0.6,37.57,64.5
19,1,1,23.17,64.43,0.0,40.31,64.5
19,1,2,22.79,67.74,0.0,43.04,64.5
19,1,3,22.89,68.64,1.7,41.05,64.5
19,1,4,21.6,65.75,3.2,43.31,64.5
19,1,5,21.31,62.37,0.0,40.63,64.5
19,1,6,20.7,67.39,1.8,42.05,64.5
19,1,7,20.11,63.9,225.1,43.23,64.5
19,1,8,19.07,67.15,383.7,39.36,64.5
19,1,9,16.69,66.24,516.5,39.45,64.5
19,1,10,16.97,64.13,686.3,35.03,64.5
19,1,11,15.53,65.35,811.7,36.83,64.5
19,1,12,15.77,67.54,873.1,33.89,64.5
19,1,13,15.49,62.97,849.6,31.13,64.5
19,1,14,15.59,66.38,768.1,29.65,64.5
19,1,15,15.65,67.54,661.4,30.19,64.5
19,1,16,15.14,66.93,455.7,31.89,64.5
19,1,17,15.06,65.87,415.9,32.06,64.5
19,1,18,17.03,69.57,116.2,30.68,64.5
19,1,19,17.68,67.88,1.8,31.4,64.5
19,1,20,19.38,65.99,2.4,32.19,64.5
19,1,21,19.82,65.86,2.1,34.16,64.5
19,1,22,20.8,67.36,1.1,37.56,64.5
19,1,23,21.73,65.97,0.0,37.57,64.5
19,2,0,21.07,94.28,0.0,43.41,13.65
19,2,1,20.85,95.4,0.0,45.05,13.65
19,2,2,21.34,93.29,0.1,44.84,13.65
19,2,3,20.59,93.67,0.0,47.3,13.65
19,2,4,20.2,92.93,3.5,47.89,13.65
19,2,5,19.02,93.14,0.5,46.76,13.65
19,2,6,18.4,96.02,1.7,46.5,13.65
19,2,7,18.89,94.96,259.0,47.32,13.65
19,2,8,17.76,93.02,395.5,42.95,13.65
19,2,9,16.46,95.0,458.8,42.56,13.65
19,2,10,15.4,93.63,681.3,42.66,13.65
19,2,11,14.45,94.62,847.8,40.86,13.65
19,2,12,13.95,92.85,881.5,39.44,13.65
19,2,13,14.11,94.35,766.9,35.36,13.65
19,2,14,13.7,93.43,785.5,37.29,13.65
19,2,15,13.38,94.14,600.4,36.6,13.65
19,2,16,13.56,93.72,471.6,36.11,13.65
19,2,17,14.93,94.09,382.7,38.93,13.65
19,2,18,15.7,95.08,230.5,38.42,13.65
19,2,19,16.25,95.76,1.2,37.37,13.65
19,2,20,17.66,94.42,0.0,38.23,13.65
19,2,21,18.3,95.78,1.8,40.68,13.65
19,2,22,19.45,96.19,0.0,39.78,13.65
19,2,23,20.6,93.49,0.0,40.05,13.65
19,3,0,22.6,91.43,0.0,44.51,17.17
19,3,1,22.81,92.38,0.0,46.85,17.17
19,3,2,23.45,93.93,2.6,44.7,17.17
19,3,3,22.88,89.9,6.3,46.22,17.17
19,3,4,23.19,90.89,2.0,49.4,17.17
19,3,5,22.03,91.23,0.0,43.1,17.17
19,3,6,21.23,93.98,0.0,45.52,17.17
19,3,7,20.58,93.65,168.5,45.28,17.17
19,3,8,20.53,90.74,364.6,47.02,17.17
19,3,9,18.86,91.97,527.0,42.9,17.17
19,3,10,17.0,92.63,655.8,41.78,17.17
19,3,11,16.2,90.83,786.7,42.89,17.17
19,3,12,16.0,92.25,885.1,38.87,17.17
19,3,13,16.5,92.74,874.9,36.94,17.17
19,3,14,15.69,93.16,764.4,36.53,17.17
19,3,15,15.25,93.17,664.5,36.59,17.17
19,3,16,16.1,92.69,489.8,36.31,17.17
19,3,17,16.58,96.79,352.1,37.75,17.17
19,3,18,17.6,92.35,272.0,36.85,17.17
19,3,19,18.84,92.24,0.0,38.62,17.17
19,3,20,18.76,93.55,0.0,38.63,17.17
19,3,21,19.6,96.98,0.0,40.33,17.17
19,3,22,21.82,94.3,1.7,41.14,17.17
19,3,23,22.73,94.11,0.4,43.27,17.17
19,4,0,23.32,96.67,0.1,40.71,14.09
19,4,1,23.41,95.45,2.5,39.64,14.09
19,4,2,23.28,95.99,0.0,43.46,14.09
19,4,3,24.25,98.44,1.6,43.04,14.09
19,4,4,23.05,96.42,0.0,41.48,14.09
19,4,5,23.12,96.92,2.6,39.91,14.09
19,4,6,22.23,94.85,0.2,42.23,14.09
19,4,7,20.93,97.55,198.6,37.83,14.09
19,4,8,20.32,99.33,325.5,41.13,14.09
19,4,9,19.06,94.72,469.6,38.11,14.09
19,4,10,17.9,94.75,595.1,35.52,14.09
19,4,11,17.39,96.71,766.9,35.8,14.09
19,4,12,17.2,97.31,847.5,35.69,14.09
19,4,13,15.81,96.38,836.2,31.4,14.09
19,4,14,15.95,93.61,848.9,31.06,14.09
19,4,15,17.09,96.78,661.8,31.23,14.09
19,4,16,16.79,97.69,514.1,32.96,14.09
19,4,17,17.11,96.0,270.3,32.75,14.09
19,4,18,18.64,99.14,229.6,31.31,14.09
19,4,19,18.19,98.28,0.0,32.75,14.09
19,4,20,19.93,96.61,0.1,34.5,14.09
19,4,21,19.83,96.74,0.0,36.6,14.09
19,4,22,21.7,93.48,0.0,35.94,14.09
19,4,23,23.37,97.01,0.7,39.86,14.09
19,5,0,21.38,98.87,0.0,40.33,9.52
19,5,1,21.7,97.77,1.9,41.67,9.52
19,5,2,22.04,96.87,0.0,39.4,9.52
19,5,3,22.46,97.84,0.0,41.73,9.52
19,5,4,21.59,95.06,0.0,41.01,9.52
19,5,5,21.76,94.75,4.3,38.55,9.52
19,5,6,20.74,96.2,0.0,40.47,9.52
19,5,7,20.03,97.87,230.4,40.44,9.52
19,5,8,18.02,96.35,385.2,35.48,9.52
19,5,9,17.73,96.37,572.7,37.95,9.52
19,5,10,16.99,96.22,694.9,37.25,9.52
19,5,11,15.29,97.09,839.2,36.59,9.52
19,5,12,15.35,97.11,892.0,32.2,9.52
19,5,13,15.18,93.67,881.9,32.29,9.52
19,5,14,14.77,95.79,765.0,32.46,9.52
19,5,15,15.32,98.57,639.6,29.08,9.52
19,5,16,15.98,94.42,467.4,30.67,9.52
19,5,17,15.95,94.73,282.4,31.54,9.52
19,5,18,16.35,98.64,192.8,30.53,9.52
19,5,19,18.52,97.33,5.4,29.98,9.52
19,5,20,18.79,97.35,0.1,33.36,9.52
19,5,21,20.31,97.32,0.0,33.81,9.52
19,5,22,20.05,96.44,1.9,35.83,9.52
19,5,23,21.3,95.16,1.5,39.55,9.52
19,6,0,22.14,97.59,0.0,37.97,4.31
19,6,1,22.7,96.27,3.4,41.65,4.31
19,6,2,23.08,97.53,0.0,41.59,4.31
19,6,3,22.66,97.3,1.0,41.78,4.31
19,6,4,23.43,96.28,1.9,40.56,4.31
19,6,5,21.86,97.8,0.7,43.6,4.31
19,6,6,20.22,95.66,0.4,41.92,4.31
19,6,7,19.82,98.32,211.4,38.09,4.31
19,6,8,18.88,96.28,391.6,38.73,4.31
19,6,9,17.55,96.28,519.4,37.11,4.31
19,6,10,16.68,95.79,704.6,36.56,4.31
19,6,11,17.11,96.64,764.8,38.98,4.31
19,6,12,15.57,97.88,878.2,34.7,4.31
19,6,13,15.25,94.74,860.6,30.75,4.31
19,6,14,14.76,95.31,782.1,32.44,4.31
19,6,15,15.22,96.83,611.5,31.05,4.31
19,6,16,15.83,98.0,436.3,28.97,4.31
19,6,17,15.62,97.96,390.9,30.05,4.31
19,6,18,16.94,99.15,234.3,34.07,4.31
19,6,19,18.22,95.03,0.0,32.79,4.31
19,6,20,18.78,97.77,0.8,29.37,4.31
19,6,21,19.07,93.11,0.4,35.34,4.31
19,6,22,20.8,94.96,1.3,37.34,4.31
19,6,23,20.84,94.2,0.0,40.25,4.31
19,7,0,22.84,94.73,1.6,37.01,10.95
19,7,1,23.21,96.53,1.2,37.58,10.95
19,7,2,22.5,96.64,1.0,42.01,10.95
19,7,3,23.72,97.7,0.0,40.57,10.95
19,7,4,22.7,97.51,0.0,41.02,10.95
19,7,5,22.43,97.81,0.0,41.27,10.95
19,7,6,20.52,94.27,0.0,43.92,10.95
19,7,7,20.48,99.07,189.3,41.31,10.95
19,7,8,19.1,96.42,400.2,39.67,10.95
19,7,9,17.76,97.68,487.4,36.48,10.95
19,7,10,17.02,100.0,719.9,34.33,10.95
19,7,11,16.62,97.36,777.0,35.06,10.95
19,7,12,16.47,98.95,897.8,35.35,10.95
19,7,13,16.01,97.02,777.2,31.41,10.95
19,7,14,15.15,97.24,711.7,31.33,10.95
19,7,15,15.52,98.83,651.9,31.23,10.95
19,7,16,16.12,95.54,448.5,29.87,10.95
19,7,17,16.93,97.11,332.0,33.73,10.95
19,7,18,17.02,98.24,301.7,31.55,10.95
19,7,19,17.67,95.65,0.8,36.44,10.95
19,7,20,20.31,98.8,1.8,35.55,10.95
19,7,21,20.82,97.99,0.0,38.63,10.95
19,7,22,22.06,96.37,1.3,39.54,10.95
19,7,23,22.4,97.23,2.9,39.03,10.95
19,8,0,23.6,88.63,0.9,37.58,35.67
19,8,1,24.92,88.08,1.1,42.65,35.67
19,8,2,24.95,88.24,3.9,41.2,35.67
19,8,3,24.49,88.14,0.0,39.76,35.67
19,8,4,23.78,86.86,0.0,43.18,35.67
19,8,5,23.24,88.71,0.0,45.58,35.67
19,8,6,23.39,88.01,0.5,39.26,35.67
19,8,7,21.6,87.48,271.7,39.08,35.67
19,8,8,21.53,88.28,330.9,39.48,35.67
19,8,9,20.06,89.16,524.9,39.55,35.67
19,8,10,19.17,89.61,656.0,36.51,35.67
19,8,11,17.85,87.64,793.0,35.63,35.67
19,8,12,18.17,87.62,810.4,35.4,35.67
19,8,13,16.99,87.35,878.4,32.98,35.67
19,8,14,17.58,86.96,741.9,32.8,35.67
19,8,15,17.63,87.31,653.7,30.36,35.67
19,8,16,17.8,87.4,512.1,32.94,35.67
19,8,17,17.05,88.7,317.0,32.85,35.67
19,8,18,18.32,87.51,267.9,34.29,35.67
19,8,19,19.2,91.08,0.0,33.72,35.67
19,8,20,20.06,88.94,0.0,32.91,35.67
19,8,21,21.33,87.2,0.2,37.1,35.67
19,8,22,23.62,88.13,0.6,38.72,35.67
19,8,23,23.22,87.21,3.9,37.96,35.67
20,1,0,20.9,79.04,2.4,76.28,53.89
20,1,1,20.59,79.77,3.5,74.48,53.89
20,1,2,21.16,79.17,1.4,74.1,53.89
20,1,3,19.68,79.45,2.3,76.27,53.89
20,1,4,20.62,78.88,3.2,75.91,53.89
20,1,5,20.71,77.4,0.0,78.0,53.89
20,1,6,20.59,80.46,0.0,75.61,53.89
20,1,7,19.14,79.22,0.0,73.5,53.89
20,1,8,17.81,79.03,258.8,75.31,53.89
20,1,9,17.35,77.56,756.6,71.04,53.89
20,1,10,16.61,76.43,935.4,71.23,53.89
20,1,11,15.63,79.7,1468.8,73.76,53.89
20,1,12,15.36,74.18,1580.0,67.61,53.89
20,1,13,16.87,79.07,2047.8,69.88,53.89
20,1,14,14.43,76.44,1970.6,64.25,53.89
20,1,15,15.66,78.95,1752.6,67.53,53.89
20,1,16,15.67,79.28,1381.6,66.98,53.89
20,1,17,15.3,78.54,1188.8,67.55,53.89
20,1,18,17.21,77.65,538.3,65.77,53.89
20,1,19,16.73,76.69,0.5,67.84,53.89
20,1,20,18.64,78.66,0.0,70.07,53.89
20,1,21,18.0,79.45,0.0,70.96,53.89
20,1,22,19.05,80.3,0.1,71.39,53.89
20,1,23,19.58,81.84,0.0,73.6,53.89
20,2,0,22.18,77.01,0.0,80.69,62.68
20,2,1,24.14,75.5,1.6,79.27,62.68
20,2,2,22.93,76.08,0.0,84.88,62.68
20,2,3,22.73,76.92,0.0,82.33,62.68
20,2,4,23.14,75.25,0.0,81.8,62.68
20,2,5,22.08,77.13,4.0,81.11,62.68
20,2,6,20.99,74.29,0.4,81.9,62.68
20,2,7,20.39,77.21,0.9,80.46,62.68
20,2,8,19.4,75.32,210.5,79.71,62.68
20,2,9,19.05,76.32,786.9,78.73,62.68
20,2,10,18.22,76.11,959.8,75.98,62.68
20,2,11,17.65,74.94,1554.6,74.57,62.68
20,2,12,17.24,76.21,1851.3,75.71,62.68
20,2,13,17.16,72.88,2056.1,75.61,62.68
20,2,14,16.47,76.39,1821.0,69.6,62.68
20,2,15,16.45,75.23,1657.9,70.59,62.68
20,2,16,16.76,76.02,1279.0,72.67,62.68
20,2,17,17.97,79.61,1086.9,72.39,62.68
20,2,18,17.97,76.48,667.7,71.75,62.68
20,2,19,19.43,73.94,0.0,74.15,62.68
20,2,20,19.7,75.73,0.0,73.1,62.68
20,2,21,21.25,74.51,0.6,76.18,62.68
20,2,22,20.94,76.15,0.0,78.94,62.68
20,2,23,21.5,75.06,0.0,76.11,62.68
20,3,0,22.87,73.69,0.0,78.47,66.29
20,3,1,23.38,75.02,1.7,76.87,66.29
20,3,2,22.83,75.72,0.7,79.21,66.29
20,3,3,22.85,75.94,0.0,80.07,66.29
20,3,4,22.63,72.16,3.2,75.76,66.29
20,3,5,22.22,74.84,0.0,80.04,66.29
20,3,6,21.4,75.52,7.0,79.63,66.29
20,3,7,21.06,72.58,0.4,77.77,66.29
20,3,8,20.33,71.9,342.8,79.07,66.29
20,3,9,19.24,76.03,773.2,76.85,66.29
20,3,10,18.22,73.75,1190.9,74.58,66.29
20,3,11,18.32,73.88,1355.6,71.6,66.29
20,3,12,17.14,75.42,1713.6,73.39,66.29
20,3,13,16.96,74.95,1911.4,71.53,66.29
20,3,14,17.27,74.02,1856.7,67.74,66.29
20,3,15,17.18,72.89,1641.7,68.36,66.29
20,3,16,17.11,77.19,1388.5,68.83,66.29
20,3,17,17.5,71.88,866.8,68.03,66.29
20,3,18,18.51,74.71,643.5,71.02,66.29
20,3,19,18.75,72.32,0.0,69.46,66.29
20,3,20,20.12,77.06,0.0,71.78,66.29
20,3,21,20.86,73.62,0.7,72.64,66.29
20,3,22,21.17,73.77,0.7,76.72,66.29
20,3,23,22.35,73.66,1.7,77.59,66.29
20,4,0,23.6,85.01,3.1,75.16,43.73
20,4,1,23.36,85.62,3.1,77.61,43.73
20,4,2,22.96,81.87,0.0,80.42,43.73
20,4,3,22.94,85.48,0.0,76.41,43.73
20,4,4,23.89,83.72,0.0,78.34,43.73
20,4,5,23.58,82.16,3.4,77.09,43.73
20,4,6,21.43,82.84,0.0,77.89,43.73
20,4,7,21.49,81.64,3.8,76.9,43.73
20,4,8,21.11,84.17,619.3,74.06,43.73
20,4,9,18.98,85.36,794.4,74.86,43.73
20,4,10,19.04,82.31,1180.8,71.21,43.73
20,4,11,18.69,84.32,1543.2,71.97,43.73
20,4,12,17.95,84.7,1835.2,73.51,43.73
20,4,13,16.77,84.14,1860.5,69.73,43.73
20,4,14,18.22,81.27,2114.3,70.7,43.73
20,4,15,17.93,81.38,1675.0,68.01,43.73
20,4,16,17.34,84.42,1314.7,68.11,43.73
20,4,17,18.39,82.45,1028.9,67.61,43.73
20,4,18,19.61,81.88,633.1,67.08,43.73
20,4,19,20.4,84.76,1.4,70.09,43.73
20,4,20,20.65,80.43,0.0,72.0,43.73
20,4,21,21.4,80.74,0.0,73.03,43.73
20,4,22,22.68,80.47,0.3,73.96,43.73
20,4,23,22.6,84.63,0.0,72.09,43.73
20,5,0,21.94,82.65,0.4,73.52,42.17
20,5,1,21.94,83.47,0.0,72.81,42.17
20,5,2,22.91,82.67,2.8,76.36,42.17
20,5,3,23.33,82.75,0.0,75.2,42.17
20,5,4,22.35,82.58,0.0,75.19,42.17
20,5,5,21.72,84.53,1.3,76.73,42.17
20,5,6,20.64,84.1,0.0,72.75,42.17
20,5,7,20.3,85.1,0.0,76.13,42.17
20,5,8,19.98,82.91,560.7,73.42,42.17
20,5,9,18.42,86.28,763.0,71.57,42.17
20,5,10,17.7,85.27,1147.3,71.19,42.17
20,5,11,17.23,84.75,1559.6,67.95,42.17
20,5,12,16.28,84.37,1624.9,67.98,42.17
20,5,13,16.45,85.32,1901.3,68.37,42.17
20,5,14,16.31,85.0,2108.9,64.32,42.17
20,5,15,16.82,87.62,1699.0,65.51,42.17
20,5,16,17.38,83.56,1187.6,66.95,42.17
20,5,17,16.48,82.87,1094.9,64.88,42.17
20,5,18,17.79,84.82,552.8,64.08,42.17
20,5,19,19.03,83.22,0.0,67.67,42.17
20,5,20,19.93,82.96,0.0,68.45,42.17
20,5,21,21.11,83.07,1.3,69.8,42.17
20,5,22,21.71,83.56,0.0,69.55,42.17
20,5,23,22.09,86.22,0.0,72.75,42.17
20,6,0,22.21,79.85,0.0,74.51,50.94
20,6,1,22.0,80.63,0.0,74.84,50.94
20,6,2,22.17,82.65,0.1,75.16,50.94
20,6,3,21.22,82.09,0.0,76.01,50.94
20,6,4,21.78,81.51,1.1,77.77,50.94
20,6,5,20.95,82.83,2.4,76.47,50.94
20,6,6,21.54,81.25,2.5,73.84,50.94
20,6,7,20.23,81.31,0.0,71.55,50.94
20,6,8,18.41,83.83,272.0,73.47,50.94
20,6,9,17.93,80.79,804.5,72.13,50.94
20,6,10,17.76,83.78,1068.5,72.44,50.94
20,6,11,16.64,80.28,1457.2,69.31,50.94
20,6,12,16.24,81.65,1911.6,67.51,50.94
20,6,13,15.39,79.45,2143.2,69.24,50.94
20,6,14,16.03,83.28,1933.3,68.17,50.94
20,6,15,15.82,80.5,1821.2,63.53,50.94
20,6,16,16.71,82.0,1430.7,65.81,50.94
20,6,17,17.11,81.49,880.1,65.52,50.94
20,6,18,18.4,81.63,773.1,67.36,50.94
20,6,19,18.82,81.82,0.0,69.58,50.94
20,6,20,19.79,81.85,3.4,69.04,50.94
20,6,21,19.49,81.42,1.5,71.56,50.94
20,6,22,22.14,82.1,1.2,69.68,50.94
20,6,23,21.17,79.53,0.8,73.79,50.94
20,7,0,23.27,81.74,2.4,73.72,55.5
20,7,1,24.44,82.84,1.7,74.14,55.5
20,7,2,23.47,79.32,1.9,73.89,55.5
20,7,3,24.01,78.92,1.6,76.24,55.5
20,7,4,24.02,82.25,2.9,78.57,55.5
20,7,5,22.93,78.8,0.0,73.08,55.5
20,7,6,21.66,80.64,0.0,75.44,55.5
20,7,7,21.7,80.09,0.0,74.84,55.5
20,7,8,20.19,80.14,578.5,73.47,55.5
20,7,9,20.71,82.69,681.2,71.01,55.5
20,7,10,19.04,82.27,1049.0,72.74,55.5
20,7,11,19.02,79.38,1404.7,71.15,55.5
20,7,12,17.99,79.51,1744.1,68.77,55.5
20,7,13,16.82,81.69,1892.9,63.67,55.5
20,7,14,17.49,79.43,2072.7,66.17,55.5
20,7,15,17.06,81.3,1628.1,65.38,55.5
20,7,16,18.17,78.98,1212.0,68.97,55.5
20,7,17,18.71,80.14,976.8,67.31,55.5
20,7,18,19.55,79.41,671.6,66.29,55.5
20,7,19,19.73,80.78,0.0,68.95,55.5
20,7,20,20.88,78.28,0.0,68.33,55.5
20,7,21,22.36,79.26,0.0,69.28,55.5
20,7,22,21.93,80.81,2.8,72.06,55.5
20,7,23,22.46,84.67,0.2,71.81,55.5
20,8,0,23.99,77.0,1.0,75.6,66.69
20,8,1,25.18,79.02,0.0,72.61,66.69
20,8,2,24.96,76.41,1.2,75.71,66.69
20,8,3,24.94,78.67,0.0,79.1,66.69
20,8,4,24.38,78.74,0.0,74.46,66.69
20,8,5,23.34,75.66,0.0,77.21,66.69
20,8,6,23.31,77.39,5.9,77.42,66.69
20,8,7,22.05,79.62,0.0,75.1,66.69
20,8,8,21.07,76.09,499.5,73.67,66.69
20,8,9,20.47,77.86,650.1,74.86,66.69
20,8,10,19.8,77.5,969.1,73.29,66.69
20,8,11,19.49,77.91,1345.4,72.38,66.69
20,8,12,18.35,76.9,1773.7,69.25,66.69
20,8,13,18.13,72.82,1964.0,69.03,66.69
20,8,14,17.66,80.24,1993.2,67.56,66.69
20,8,15,17.71,78.32,1727.1,66.23,66.69
20,8,16,18.97,77.36,1327.6,65.18,66.69
20,8,17,18.8,77.68,959.0,66.01,66.69
20,8,18,20.14,80.16,510.8,69.07,66.69
20,8,19,20.77,76.56,0.0,68.07,66.69
20,8,20,20.42,77.77,1.1,67.57,66.69
20,8,21,21.32,78.2,4.4,68.82,66.69
20,8,22,22.47,77.6,3.1,68.7,66.69
20,8,23,23.85,77.2,0.0,70.96,66.69
21,1,0,20.06,16.38,0.0,55.31,6.43
21,1,1,20.59,14.73,0.1,54.31,6.43
21,1,2,20.04,17.76,1.7,54.6,6.43
21,1,3,19.99,18.85,1.9,55.5,6.43
21,1,4,19.05,17.12,1.4,51.43,6.43
21,1,5,19.57,15.97,0.0,54.03,6.43
21,1,6,18.83,18.69,0.0,56.34,6.43
21,1,7,17.87,17.74,140.8,54.62,6.43
21,1,8,17.6,17.56,139.7,50.93,6.43
21,1,9,17.13,13.53,322.5,51.77,6.43
21,1,10,15.87,15.56,474.3,52.07,6.43
21,1,11,15.26,15.74,555.1,45.63,6.43
21,1,12,15.4,18.0,699.1,46.75,6.43
21,1,13,14.44,16.63,723.8,47.26,6.43
21,1,14,15.12,18.31,640.6,45.9,6.43
21,1,15,15.88,16.3,540.9,44.73,6.43
21,1,16,14.86,17.14,439.2,45.97,6.43
21,1,17,15.38,13.41,356.9,45.95,6.43
21,1,18,16.55,15.59,206.3,46.83,6.43
21,1,19,17.68,16.62,158.8,46.54,6.43
21,1,20,16.82,18.05,1.8,49.13,6.43
21,1,21,18.18,17.5,1.8,51.7,6.43
21,1,22,19.4,16.7,0.0,50.79,6.43
21,1,23,19.58,17.66,2.7,51.71,6.43
21,2,0,19.26,9.68,4.8,52.23,8.49
21,2,1,20.0,10.09,0.5,52.95,8.49
21,2,2,19.28,13.51,0.0,52.26,8.49
21,2,3,20.28,11.42,0.0,54.35,8.49
21,2,4,19.22,13.54,0.4,52.13,8.49
21,2,5,18.63,11.24,0.0,54.39,8.49
21,2,6,18.61,8.95,2.1,53.58,8.49
21,2,7,17.26,13.93,67.6,50.56,8.49
21,2,8,18.21,12.72,203.3,52.05,8.49
21,2,9,16.37,12.56,357.9,50.39,8.49
21,2,10,16.01,12.27,436.4,47.73,8.49
21,2,11,15.95,13.48,616.5,48.1,8.49
21,2,12,14.99,12.24,704.0,46.37,8.49
21,2,13,14.12,13.29,689.7,46.23,8.49
21,2,14,14.88,11.64,658.7,44.59,8.49
21,2,15,15.26,12.53,590.4,42.83,8.49
21,2,16,15.24,13.15,441.3,47.27,8.49
21,2,17,15.46,11.57,346.1,44.01,8.49
21,2,18,16.6,13.9,249.2,47.63,8.49
21,2,19,15.95,13.67,163.1,45.51,8.49
21,2,20,17.03,13.89,1.7,44.76,8.49
21,2,21,18.73,14.22,0.0,46.91,8.49
21,2,22,19.01,13.25,1.4,50.25,8.49
21,2,23,19.6,13.79,0.0,49.8,8.49
21,3,0,22.5,39.91,1.6,52.11,28.55
21,3,1,22.94,39.12,4.6,52.65,28.55
21,3,2,22.67,40.55,0.0,55.17,28.55
21,3,3,22.19,41.33,0.0,54.03,28.55
21,3,4,21.91,41.37,0.6,54.32,28.55
21,3,5,21.45,41.01,0.4,54.61,28.55
21,3,6,22.08,41.37,3.8,53.81,28.55
21,3,7,20.44,39.78,151.3,52.63,28.55
21,3,8,19.55,37.69,279.9,51.51,28.55
21,3,9,19.85,40.4,363.3,50.99,28.55
21,3,10,18.69,39.03,506.0,49.04,28.55
21,3,11,18.4,38.35,554.3,48.85,28.55
21,3,12,17.44,41.23,671.0,49.83,28.55
21,3,13,17.53,39.89,681.3,47.86,28.55
21,3,14,16.4,41.38,627.5,46.92,28.55
21,3,15,17.04,41.33,586.3,42.68,28.55
21,3,16,17.84,39.46,498.2,43.08,28.55
21,3,17,18.06,40.6,325.3,46.83,28.55
21,3,18,18.49,39.91,243.8,43.07,28.55
21,3,19,20.34,38.91,163.2,46.14,28.55
21,3,20,20.38,40.81,0.0,44.3,28.55
21,3,21,19.58,40.18,2.7,45.79,28.55
21,3,22,22.02,42.17,0.0,47.96,28.55
21,3,23,21.15,40.99,0.0,50.74,28.55
21,4,0,19.61,53.75,0.0,55.88,40.09
21,4,1,20.16,53.88,2.5,57.88,40.09
21,4,2,20.02,51.41,1.7,56.78,40.09
21,4,3,20.19,51.21,2.8,58.94,40.09
21,4,4,19.89,51.29,0.0,57.75,40.09
21,4,5,19.72,50.96,0.0,57.5,40.09
21,4,6,19.42,52.37,0.0,55.18,40.09
21,4,7,18.04,53.57,97.2,58.74,40.09
21,4,8,17.72,49.88,246.4,55.72,40.09
21,4,9,16.78,53.67,319.4,54.79,40.09
21,4,10,16.35,51.83,511.6,54.02,40.09
21,4,11,15.27,52.83,646.3,53.31,40.09
21,4,12,14.95,54.65,696.1,48.48,40.09
21,4,13,15.25,52.97,657.5,50.07,40.09
21,4,14,16.27,54.3,671.9,47.8,40.09
21,4,15,15.31,50.79,568.4,44.78,40.09
21,4,16,15.63,51.75,491.8,47.73,40.09
21,4,17,15.32,52.56,321.4,50.2,40.09
21,4,18,15.94,51.55,198.2,46.57,40.09
21,4,19,17.01,50.39,137.5,49.66,40.09
21,4,20,17.46,48.95,2.7,50.45,40.09
21,4,21,18.49,51.91,1.6,52.66,40.09
21,4,22,19.5,52.66,0.0,53.16,40.09
21,4,23,19.66,51.43,0.0,54.66,40.09
21,5,0,20.6,70.53,0.0,54.94,57.23
21,5,1,21.01,72.25,0.0,56.1,57.23
21,5,2,20.76,72.49,0.0,58.62,57.23
21,5,3,20.82,70.96,1.3,57.46,57.23
21,5,4,20.76,70.09,2.3,55.82,57.23
21,5,5,20.01,68.27,0.0,55.46,57.23
21,5,6,19.7,70.8,0.0,56.04,57.23
21,5,7,18.72,70.49,143.8,52.21,57.23
21,5,8,18.48,71.31,219.6,55.27,57.23
21,5,9,17.22,71.97,336.4,57.46,57.23
21,5,10,17.1,69.87,525.8,52.9,57.23
21,5,11,16.34,70.93,534.4,50.69,57.23
21,5,12,15.56,70.27,690.7,51.16,57.23
21,5,13,15.4,72.79,702.3,48.34,57.23
21,5,14,15.14,71.27,628.2,45.18,57.23
21,5,15,15.9,70.8,553.2,44.7,57.23
21,5,16,15.14,68.65,474.1,42.4,57.23
21,5,17,16.55,72.28,342.8,46.62,57.23
21,5,18,16.72,71.92,240.8,48.96,57.23
21,5,19,18.26,73.84,116.3,48.94,57.23
21,5,20,18.42,70.61,0.0,48.28,57.23
21,5,21,18.32,69.5,1.0,50.1,57.23
21,5,22,19.49,72.98,0.0,52.59,57.23
21,5,23,19.65,70.47,0.0,55.82,57.23
21,6,0,20.18,71.48,2.0,51.94,39.58
21,6,1,19.46,71.31,1.2,53.56,39.58
21,6,2,19.13,68.82,0.0,58.15,39.58
21,6,3,18.4,70.48,0.0,54.91,39.58
21,6,4,18.09,68.68,3.0,56.92,39.58
21,6,5,18.08,71.03,2.5,56.51,39.58
21,6,6,19.16,70.73,1.4,54.65,39.58
21,6,7,17.82,69.83,158.8,54.04,39.58
21,6,8,16.9,68.28,154.3,55.52,39.58
21,6,9,15.4,69.66,352.5,53.31,39.58
21,6,10,15.38,69.91,481.3,52.63,39.58
21,6,11,15.85,69.85,582.7,48.87,39.58
21,6,12,14.78,70.5,657.1,49.84,39.58
21,6,13,14.16,70.51,726.7,49.34,39.58
21,6,14,14.27,67.94,645.0,48.09,39.58
21,6,15,15.53,68.99,600.8,45.86,39.58
21,6,16,14.08,68.49,397.9,48.56,39.58
21,6,17,13.86,69.1,305.3,45.37,39.58
21,6,18,16.21,69.8,199.8,46.31,39.58
21,6,19,15.77,69.44,150.1,50.83,39.58
21,6,20,15.87,69.45,0.0,50.45,39.58
21,6,21,17.69,70.39,0.7,48.83,39.58
21,6,22,18.75,70.7,1.8,53.42,39.58
21,6,23,18.89,71.72,0.8,52.49,39.58
21,7,0,21.59,88.08,0.0,52.16,37.52
21,7,1,20.97,83.26,0.5,53.76,37.52
21,7,2,21.48,83.82,0.0,55.72,37.52
21,7,3,22.22,84.63,1.8,57.38,37.52
21,7,4,21.54,83.37,0.0,55.34,37.52
21,7,5,20.72,84.71,0.7,56.8,37.52
21,7,6,19.86,85.76,0.0,53.61,37.52
21,7,7,19.59,87.34,127.3,53.97,37.52
21,7,8,19.03,83.39,201.8,53.64,37.52
21,7,9,18.99,84.08,302.3,51.7,37.52
21,7,10,17.54,83.69,511.1,50.7,37.52
21,7,11,17.23,86.28,610.9,50.49,37.52
21,7,12,17.84,84.35,594.7,49.67,37.52
21,7,13,15.8,84.29,635.4,46.69,37.52
21,7,14,16.33,82.46,654.2,48.14,37.52
21,7,15,16.24,84.43,551.4,45.81,37.52
21,7,16,17.02,82.12,424.7,46.66,37.52
21,7,17,17.84,83.49,330.3,46.33,37.52
21,7,18,17.85,83.97,145.5,44.99,37.52
21,7,19,18.03,83.84,150.5,48.34,37.52
21,7,20,19.26,81.66,2.9,50.33,37.52
21,7,21,19.18,84.11,0.0,49.84,37.52
21,7,22,20.97,86.81,1.5,51.37,37.52
21,7,23,20.81,83.88,2.7,52.15,37.52
21,8,0,18.42,82.56,0.0,53.47,26.24
21,8,1,19.42,84.06,3.9,56.12,26.24
21,8,2,19.53,83.97,0.1,57.03,26.24
21,8,3,19.67,85.98,0.0,55.1,26.24
21,8,4,18.24,85.41,0.0,56.03,26.24
21,8,5,18.33,84.95,2.3,57.91,26.24
21,8,6,18.34,83.47,0.0,54.07,26.24
21,8,7,17.03,85.34,106.9,53.9,26.24
21,8,8,16.15,85.6,216.4,50.23,26.24
21,8,9,16.82,86.13,270.9,53.45,26.24
21,8,10,16.14,84.33,470.1,50.57,26.24
21,8,11,15.09,86.16,539.1,48.7,26.24
21,8,12,14.47,85.08,677.9,48.26,26.24
21,8,13,13.71,86.09,652.5,46.78,26.24
21,8,14,14.07,85.34,656.2,47.85,26.24
21,8,15,14.78,83.68,598.6,46.59,26.24
21,8,16,14.25,81.75,482.6,46.75,26.24
21,8,17,15.38,84.11,323.0,44.85,26.24
21,8,18,13.88,84.01,329.5,48.63,26.24
21,8,19,15.51,83.84,126.0,49.61,26.24
21,8,20,17.8,84.75,0.5,49.33,26.24
21,8,21,17.35,85.04,0.1,50.47,26.24
21,8,22,16.99,83.89,0.0,52.08,26.24
21,8,23,18.14,82.26,0.0,53.02,26.24
22,1,0,37.0,63.84,0.0,49.35,28.13
22,1,1,35.53,66.28,0.0,48.26,28.13
22,1,2,36.9,66.43,0.0,49.24,28.13
22,1,3,36.64,66.32,4.2,51.6,28.13
22,1,4,37.34,66.92,3.6,48.48,28.13
22,1,5,35.9,65.54,0.0,49.66,28.13
22,1,6,35.74,67.05,3.5,46.81,28.13
22,1,7,34.51,62.74,401.3,47.64,28.13
22,1,8,34.2,64.7,696.4,46.69,28.13
22,1,9,33.55,66.63,899.3,47.8,28.13
22,1,10,33.39,65.88,1217.1,41.76,28.13
22,1,11,33.63,67.58,1344.4,41.78,28.13
22,1,12,32.17,64.29,1398.5,40.1,28.13
22,1,13,31.14,65.86,1532.2,43.15,28.13
22,1,14,32.88,65.31,1421.9,42.09,28.13
22,1,15,32.23,66.66,1200.1,40.0,28.13
22,1,16,32.72,65.88,1082.5,38.47,28.13
22,1,17,33.08,69.08,766.7,38.74,28.13
22,1,18,33.64,70.05,514.0,41.63,28.13
22,1,19,33.99,66.82,319.6,39.7,28.13
22,1,20,34.74,64.57,0.0,45.13,28.13
22,1,21,35.08,65.02,0.5,42.64,28.13
22,1,22,35.69,64.64,1.6,44.95,28.13
22,1,23,35.58,66.95,3.9,44.87,28.13
22,2,0,36.1,63.6,0.0,50.92,38.18
22,2,1,37.56,65.21,0.0,49.11,38.18
22,2,2,37.68,62.35,0.0,51.88,38.18
22,2,3,36.77,65.92,0.6,51.82,38.18
22,2,4,36.65,65.62,0.7,51.14,38.18
22,2,5,36.09,63.12,0.0,53.13,38.18
22,2,6,35.13,63.02,1.2,51.6,38.18
22,2,7,35.16,64.22,397.9,50.26,38.18
22,2,8,35.28,63.93,637.1,51.05,38.18
22,2,9,34.44,64.35,1062.4,49.72,38.18
22,2,10,34.43,63.52,1258.4,47.07,38.18
22,2,11,32.82,63.69,1425.8,46.34,38.18
22,2,12,33.01,62.09,1581.1,42.28,38.18
22,2,13,33.59,62.89,1561.9,44.06,38.18
22,2,14,33.08,61.12,1505.1,42.88,38.18
22,2,15,32.54,62.11,1221.2,39.98,38.18
22,2,16,33.94,65.46,1034.8,41.42,38.18
22,2,17,33.32,64.37,879.0,41.07,38.18
22,2,18,33.31,65.56,372.3,40.91,38.18
22,2,19,34.27,60.89,412.0,44.5,38.18
22,2,20,34.67,65.15,2.9,44.08,38.18
22,2,21,35.29,66.62,1.4,45.84,38.18
22,2,22,36.72,63.69,0.0,46.87,38.18
22,2,23,37.01,60.25,0.0,50.12,38.18
22,3,0,35.38,63.8,0.1,42.77,32.1
22,3,1,36.62,62.61,3.4,46.48,32.1
22,3,2,36.08,65.15,0.0,44.34,32.1
22,3,3,36.71,63.3,2.8,47.81,32.1
22,3,4,36.51,61.63,0.0,46.36,32.1
22,3,5,35.26,60.05,0.3,47.67,32.1
22,3,6,34.56,61.03,0.0,47.16,32.1
22,3,7,33.84,65.9,365.8,44.34,32.1
22,3,8,34.38,63.85,757.8,43.13,32.1
22,3,9,33.01,61.11,918.9,43.52,32.1
22,3,10,32.3,59.78,1287.5,41.39,32.1
22,3,11,32.66,61.93,1448.1,43.85,32.1
22,3,12,31.37,61.23,1460.3,42.31,32.1
22,3,13,31.71,63.73,1337.7,38.68,32.1
22,3,14,31.47,64.48,1492.3,36.7,32.1
22,3,15,32.51,64.91,1363.9,37.97,32.1
22,3,16,31.8,62.75,967.5,36.99,32.1
22,3,17,31.99,62.14,908.9,37.29,32.1
22,3,18,32.52,60.75,503.2,38.44,32.1
22,3,19,33.32,62.32,358.7,38.71,32.1
22,3,20,34.17,63.5,0.0,38.95,32.1
22,3,21,34.38,63.24,2.2,39.86,32.1
22,3,22,34.82,61.18,0.0,39.8,32.1
22,3,23,34.85,61.4,0.9,41.34,32.1
22,4,0,36.61,56.19,1.5,44.12,30.54
22,4,1,36.74,58.17,2.8,48.8,30.54
22,4,2,37.2,58.39,3.8,48.12,30.54
22,4,3,36.37,55.5,6.2,46.46,30.54
22,4,4,36.41,53.79,0.2,47.18,30.54
22,4,5,36.24,52.98,1.2,50.65,30.54
22,4,6,35.66,55.7,0.0,48.59,30.54
22,4,7,35.31,57.06,562.3,46.3,30.54
22,4,8,34.61,57.26,579.2,43.53,30.54
22,4,9,34.32,56.65,887.7,44.41,30.54
22,4,10,33.3,54.61,1250.6,42.22,30.54
22,4,11,33.1,54.55,1293.0,44.0,30.54
22,4,12,32.63,56.19,1413.1,40.37,30.54
22,4,13,33.05,59.79,1389.5,40.15,30.54
22,4,14,32.8,54.98,1507.1,38.36,30.54
22,4,15,32.75,55.12,1341.7,38.14,30.54
22,4,16,32.71,57.32,920.0,39.09,30.54
22,4,17,32.32,54.27,772.2,37.67,30.54
22,4,18,33.41,56.65,466.0,40.89,30.54
22,4,19,34.31,56.56,422.0,40.93,30.54
22,4,20,35.53,57.27,0.0,43.43,30.54
22,4,21,35.46,55.31,0.6,44.36,30.54
22,4,22,36.08,58.64,2.2,44.77,30.54
22,4,23,35.78,55.64,0.1,46.33,30.54
22,5,0,37.64,49.45,2.6,49.47,14.51
22,5,1,37.56,50.29,1.4,51.28,14.51
22,5,2,37.02,49.36,0.0,53.25,14.51
22,5,3,37.63,48.77,0.0,52.89,14.51
22,5,4,36.94,50.88,0.0,54.27,14.51
22,5,5,36.46,51.91,2.0,51.25,14.51
22,5,6,35.94,52.64,0.0,51.87,14.51
22,5,7,36.03,49.77,527.3,49.22,14.51
22,5,8,36.26,48.52,678.3,47.42,14.51
22,5,9,35.26,52.58,1099.6,50.07,14.51
22,5,10,34.03,49.75,1171.7,45.26,14.51
22,5,11,33.62,51.12,1338.7,42.36,14.51
22,5,12,32.79,50.98,1396.8,43.87,14.51
22,5,13,33.01,50.14,1561.0,44.14,14.51
22,5,14,33.06,48.34,1511.1,40.1,14.51
22,5,15,33.6,51.47,1428.4,41.12,14.51
22,5,16,33.14,49.83,998.1,43.33,14.51
22,5,17,34.03,49.22,734.9,43.65,14.51
22,5,18,33.58,49.4,554.0,41.15,14.51
22,5,19,32.97,51.92,324.1,41.66,14.51
22,5,20,35.76,49.44,0.0,45.13,14.51
22,5,21,35.88,48.83,0.0,44.24,14.51
22,5,22,36.75,47.88,0.0,47.23,14.51
22,5,23,37.56,49.95,1.2,48.53,14.51
22,6,0,38.58,79.54,0.3,43.4,18.02
22,6,1,38.71,82.39,0.6,42.39,18.02
22,6,2,38.59,78.77,0.0,45.95,18.02
22,6,3,38.86,79.51,0.5,47.97,18.02
22,6,4,37.75,78.37,0.9,47.1,18.02
22,6,5,37.82,77.95,0.0,48.01,18.02
22,6,6,36.78,76.82,0.8,46.86,18.02
22,6,7,36.39,79.69,480.7,46.03,18.02
22,6,8,36.65,79.38,725.2,44.93,18.02
22,6,9,36.18,78.62,937.6,43.36,18.02
22,6,10,35.95,81.69,1237.8,42.28,18.02
22,6,11,35.69,79.34,1323.7,39.32,18.02
22,6,12,35.66,77.68,1574.4,37.74,18.02
22,6,13,35.17,78.06,1549.2,37.84,18.02
22,6,14,34.7,79.0,1511.7,38.37,18.02
22,6,15,34.67,79.72,1301.5,36.29,18.02
22,6,16,34.51,81.07,1054.6,37.32,18.02
22,6,17,34.69,76.06,719.8,36.21,18.02
22,6,18,35.38,80.03,629.4,39.05,18.02
22,6,19,35.76,79.55,287.9,35.42,18.02
22,6,20,36.58,80.64,0.0,40.47,18.02
22,6,21,36.85,79.78,0.0,42.71,18.02
22,6,22,37.55,77.93,2.9,40.85,18.02
22,6,23,38.26,77.89,1.8,44.96,18.02
22,7,0,36.06,77.75,2.5,44.43,39.72
22,7,1,35.38,77.37,2.3,46.8,39.72
22,7,2,35.58,77.75,0.0,50.22,39.72
22,7,3,35.11,73.84,0.0,50.86,39.72
22,7,4,35.62,77.85,0.1,48.25,39.72
22,7,5,34.21,73.33,0.4,50.28,39.72
22,7,6,34.71,77.66,3.2,48.3,39.72
22,7,7,33.95,75.49,623.6,47.81,39.72
22,7,8,32.98,74.96,786.7,44.42,39.72
22,7,9,33.82,72.59,1054.1,45.51,39.72
22,7,10,32.43,76.46,1343.5,44.54,39.72
22,7,11,31.47,74.14,1419.7,42.19,39.72
22,7,12,30.82,76.64,1485.6,40.99,39.72
22,7,13,31.72,78.96,1613.3,38.86,39.72
22,7,14,31.47,76.82,1337.8,39.75,39.72
22,7,15,32.29,76.77,1123.4,38.7,39.72
22,7,16,30.97,78.02,1040.5,38.22,39.72
22,7,17,31.75,76.4,743.2,37.49,39.72
22,7,18,31.67,78.43,481.0,39.4,39.72
22,7,19,33.03,77.2,234.6,37.43,39.72
22,7,20,33.16,77.32,0.0,40.45,39.72
22,7,21,35.08,73.95,0.0,45.03,39.72
22,7,22,34.51,75.66,2.3,43.56,39.72
22,7,23,34.81,77.01,0.0,43.25,39.72
22,8,0,36.71,93.08,1.0,48.58,15.36
22,8,1,36.89,90.79,1.0,46.57,15.36
22,8,2,37.07,88.5,0.0,48.6,15.36
22,8,3,37.68,93.36,0.0,51.51,15.36
22,8,4,37.36,92.09,0.0,50.28,15.36
22,8,5,36.52,90.48,0.7,50.84,15.36
22,8,6,36.34,92.75,1.5,49.65,15.36
22,8,7,35.7,91.73,421.3,51.13,15.36
22,8,8,34.01,93.65,641.3,46.97,15.36
22,8,9,34.61,90.1,880.4,45.61,15.36
22,8,10,33.84,91.13,1321.0,48.29,15.36
22,8,11,32.49,93.15,1472.6,45.11,15.36
22,8,12,32.83,91.97,1472.1,42.46,15.36
22,8,13,32.34,92.16,1426.2,41.75,15.36
22,8,14,32.24,92.64,1388.4,41.7,15.36
22,8,15,33.48,94.72,1050.9,39.51,15.36
22,8,16,33.01,93.02,871.7,39.12,15.36
22,8,17,33.57,92.46,771.9,41.43,15.36
22,8,18,34.12,92.62,515.3,42.26,15.36
22,8,19,33.36,94.65,154.6,40.44,15.36
22,8,20,34.92,93.34,0.0,43.05,15.36
22,8,21,35.99,93.82,0.0,43.85,15.36
22,8,22,35.81,91.74,0.0,44.26,15.36
22,8,23,36.79,92.53,1.0,47.21,15.36
23,1,0,35.59,51.84,0.0,74.87,31.91
23,1,1,35.74,49.23,0.0,74.69,31.91
23,1,2,35.8,50.3,0.1,76.6,31.91
23,1,3,36.27,49.61,0.0,79.52,31.91
23,1,4,35.55,47.98,0.0,79.96,31.91
23,1,5,35.27,48.19,0.0,76.69,31.91
23,1,6,33.7,47.52,1.1,76.76,31.91
23,1,7,33.26,48.54,1.3,76.86,31.91
23,1,8,31.9,45.17,66.5,77.22,31.91
23,1,9,30.27,48.96,86.7,77.1,31.91
23,1,10,29.85,46.49,110.7,77.19,31.91
23,1,11,29.07,45.69,154.4,72.23,31.91
23,1,12,29.47,47.53,209.7,71.94,31.91
23,1,13,28.22,45.56,232.1,71.96,31.91
23,1,14,28.71,48.51,204.0,70.08,31.91
23,1,15,28.85,48.54,189.4,72.15,31.91
23,1,16,28.96,49.1,151.9,68.46,31.91
23,1,17,29.8,48.22,111.3,67.91,31.91
23,1,18,30.63,45.93,77.9,68.04,31.91
23,1,19,30.65,47.56,1.2,70.8,31.91
23,1,20,31.82,48.79,0.3,71.8,31.91
23,1,21,33.02,46.03,2.3,71.75,31.91
23,1,22,34.89,45.88,0.6,74.12,31.91
23,1,23,34.79,48.14,1.6,76.11,31.91
23,2,0,33.65,42.79,0.0,75.97,26.62
23,2,1,33.79,45.01,1.8,74.26,26.62
23,2,2,34.33,44.17,0.0,73.19,26.62
23,2,3,34.47,42.1,1.9,73.02,26.62
23,2,4,34.14,44.19,0.0,76.17,26.62
23,2,5,33.5,44.06,1.4,71.7,26.62
23,2,6,31.57,46.65,0.0,71.84,26.62
23,2,7,30.93,43.33,0.0,73.28,26.62
23,2,8,30.36,44.61,62.4,73.44,26.62
23,2,9,29.49,46.46,75.4,69.7,26.62
23,2,10,28.92,44.92,121.0,69.35,26.62
23,2,11,27.2,45.99,172.1,70.18,26.62
23,2,12,27.28,45.57,197.7,67.54,26.62
23,2,13,27.1,44.16,218.9,65.56,26.62
23,2,14,26.03,44.36,203.0,67.17,26.62
23,2,15,25.82,44.87,189.1,62.75,26.62
23,2,16,26.66,45.1,154.4,64.99,26.62
23,2,17,27.84,44.55,107.7,65.85,26.62
23,2,18,28.78,43.7,64.3,64.97,26.62
23,2,19,29.09,46.86,1.1,65.07,26.62
23,2,20,29.97,45.28,0.0,66.71,26.62
23,2,21,31.96,43.8,1.9,70.89,26.62
23,2,22,31.86,43.38,0.0,68.67,26.62
23,2,23,33.1,44.41,0.7,73.69,26.62
23,3,0,35.42,67.61,1.4,68.68,55.53
23,3,1,34.53,73.33,3.4,71.11,55.53
23,3,2,34.9,70.71,0.3,72.06,55.53
23,3,3,34.76,71.69,5.6,72.86,55.53
23,3,4,35.13,69.94,0.0,71.53,55.53
23,3,5,33.44,74.53,2.8,70.45,55.53
23,3,6,34.02,72.12,5.2,70.96,55.53
23,3,7,32.47,74.23,2.6,70.72,55.53
23,3,8,31.1,72.9,38.9,69.14,55.53
23,3,9,29.6,69.46,80.1,69.6,55.53
23,3,10,29.68,72.0,138.4,65.56,55.53
23,3,11,27.45,68.85,148.7,66.35,55.53
23,3,12,27.47,72.82,214.1,62.27,55.53
23,3,13,27.63,72.94,205.6,64.91,55.53
23,3,14,27.12,71.55,234.5,62.87,55.53
23,3,15,27.86,74.16,180.6,63.46,55.53
23,3,16,27.53,71.31,146.8,60.48,55.53
23,3,17,28.82,72.53,102.2,62.6,55.53
23,3,18,29.08,71.64,70.0,62.78,55.53
23,3,19,30.35,71.58,1.7,62.55,55.53
23,3,20,30.84,69.93,2.0,63.93,55.53
23,3,21,32.29,73.7,0.0,63.06,55.53
23,3,22,33.16,72.59,0.0,68.63,55.53
23,3,23,32.69,73.81,1.6,68.39,55.53
23,4,0,34.27,66.89,0.3,78.74,59.77
23,4,1,34.85,66.78,1.9,77.55,59.77
23,4,2,34.63,66.61,2.2,77.93,59.77
23,4,3,34.74,64.55,4.7,78.84,59.77
23,4,4,33.23,65.44,2.1,80.87,59.77
23,4,5,34.03,65.42,0.0,79.07,59.77
23,4,6,32.12,63.78,0.0,77.85,59.77
23,4,7,31.8,68.09,0.4,77.86,59.77
23,4,8,30.8,65.81,58.7,76.42,59.77
23,4,9,28.98,66.96,79.4,78.02,59.77
23,4,10,28.04,66.52,125.4,73.03,59.77
23,4,11,27.66,62.85,177.3,72.07,59.77
23,4,12,26.95,65.86,185.9,75.61,59.77
23,4,13,26.31,65.47,207.4,70.76,59.77
23,4,14,26.46,66.93,213.4,69.87,59.77
23,4,15,26.65,63.82,200.5,69.75,59.77
23,4,16,26.82,62.95,144.3,72.86,59.77
23,4,17,27.97,67.54,108.8,66.58,59.77
23,4,18,28.51,66.17,79.2,70.96,59.77
23,4,19,29.03,65.72,0.0,72.59,59.77
23,4,20,30.38,64.39,1.1,71.73,59.77
23,4,21,31.28,65.18,0.5,71.99,59.77
23,4,22,32.4,67.49,0.2,74.34,59.77
23,4,23,33.01,66.32,1.1,78.89,59.77
23,5,0,32.84,60.68,0.0,76.24,71.57
23,5,1,33.08,63.17,2.3,76.74,71.57
23,5,2,33.4,63.51,0.0,75.74,71.57
23,5,3,33.15,61.53,0.0,80.42,71.57
23,5,4,33.97,61.73,0.2,77.56,71.57
23,5,5,32.82,64.22,0.0,78.38,71.57
23,5,6,30.8,64.9,0.9,75.94,71.57
23,5,7,30.39,61.83,1.1,77.94,71.57
23,5,8,28.93,65.02,65.1,74.03,71.57
23,5,9,28.52,64.83,92.9,73.63,71.57
23,5,10,27.95,66.76,120.6,71.89,71.57
23,5,11,26.82,62.63,155.8,72.21,71.57
23,5,12,25.49,61.27,204.5,67.71,71.57
23,5,13,26.17,59.25,196.1,68.56,71.57
23,5,14,25.73,64.25,212.3,68.14,71.57
23,5,15,26.01,60.96,189.2,66.21,71.57
23,5,16,26.15,62.07,141.0,68.09,71.57
23,5,17,26.81,64.03,90.2,67.9,71.57
23,5,18,27.16,63.57,77.7,69.27,71.57
23,5,19,28.14,63.59,0.0,66.7,71.57
23,5,20,28.86,62.21,1.4,65.88,71.57
23,5,21,31.17,62.46,0.0,71.7,71.57
23,5,22,32.0,63.16,2.2,70.79,71.57
23,5,23,32.06,60.88,3.4,75.09,71.57
23,6,0,34.59,59.11,1.2,69.61,61.35
23,6,1,34.56,60.31,0.1,69.74,61.35
23,6,2,35.99,60.18,0.0,69.56,61.35
23,6,3,34.64,60.8,0.0,70.8,61.35
23,6,4,34.76,60.31,0.3,71.45,61.35
23,6,5,34.35,64.17,2.5,70.54,61.35
23,6,6,33.83,58.63,0.0,71.64,61.35
23,6,7,32.62,61.11,0.0,68.91,61.35
23,6,8,31.34,59.83,57.3,68.33,61.35
23,6,9,30.1,57.77,89.1,68.03,61.35
23,6,10,28.17,60.88,115.1,67.41,61.35
23,6,11,28.45,59.01,180.1,67.31,61.35
23,6,12,27.79,60.77,191.3,61.19,61.35
23,6,13,28.15,59.02,228.6,63.76,61.35
23,6,14,27.5,60.15,219.2,60.52,61.35
23,6,15,28.16,60.43,203.8,61.24,61.35
23,6,16,27.95,60.61,156.0,63.97,61.35
23,6,17,28.29,60.02,107.3,57.95,61.35
23,6,18,29.04,59.48,98.1,62.31,61.35
23,6,19,30.5,58.01,0.0,64.12,61.35
23,6,20,32.53,59.19,0.0,62.59,61.35
23,6,21,31.9,59.07,1.8,65.47,61.35
23,6,22,32.66,62.34,3.8,63.69,61.35
23,6,23,34.62,59.96,0.0,65.36,61.35
23,7,0,36.05,74.23,0.0,74.27,35.94
23,7,1,36.69,72.76,3.2,72.87,35.94
23,7,2,36.22,71.3,0.7,75.2,35.94
23,7,3,36.96,72.55,0.0,76.11,35.94
23,7,4,37.06,70.92,0.0,75.85,35.94
23,7,5,36.61,71.06,0.0,74.3,35.94
23,7,6,34.98,69.57,0.0,77.04,35.94
23,7,7,33.85,71.55,0.0,74.23,35.94
23,7,8,33.11,69.55,36.5,71.86,35.94
23,7,9,32.13,72.66,95.2,73.33,35.94
23,7,10,30.7,72.59,133.5,72.94,35.94
23,7,11,30.01,71.19,138.7,66.34,35.94
23,7,12,29.68,73.34,189.0,70.24,35.94
23,7,13,28.95,71.78,227.5,68.81,35.94
23,7,14,28.89,73.44,218.6,69.72,35.94
23,7,15,28.98,70.9,194.4,66.05,35.94
23,7,16,29.5,72.62,132.5,66.18,35.94
23,7,17,29.88,72.2,103.2,65.9,35.94
23,7,18,31.0,72.62,82.0,67.59,35.94
23,7,19,31.78,71.11,1.2,66.78,35.94
23,7,20,32.74,70.69,0.8,72.18,35.94
23,7,21,33.59,73.6,2.5,68.71,35.94
23,7,22,33.57,73.71,0.2,71.26,35.94
23,7,23,35.62,74.4,0.0,75.34,35.94
23,8,0,33.62,66.62,0.0,72.86,50.96
23,8,1,34.83,64.19,0.2,74.95,50.96
23,8,2,34.38,64.39,0.9,76.11,50.96
23,8,3,34.81,68.06,1.5,77.83,50.96
23,8,4,34.38,65.49,0.0,77.88,50.96
23,8,5,33.78,65.49,0.3,76.52,50.96
23,8,6,34.5,64.16,0.0,77.09,50.96
23,8,7,31.79,64.72,0.0,75.99,50.96
23,8,8,31.32,64.68,55.5,71.43,50.96
23,8,9,29.71,64.9,66.9,70.39,50.96
23,8,10,28.96,66.2,133.4,70.9,50.96
23,8,11,28.67,66.11,174.6,69.9,50.96
23,8,12,26.78,65.26,185.3,68.13,50.96
23,8,13,27.14,64.65,216.4,69.24,50.96
23,8,14,26.98,65.75,211.8,68.79,50.96
23,8,15,27.2,65.04,183.6,66.65,50.96
23,8,16,27.29,63.83,158.1,65.09,50.96
23,8,17,28.15,66.68,103.7,68.13,50.96
23,8,18,28.82,63.58,52.3,69.36,50.96
23,8,19,29.49,66.28,0.0,70.16,50.96
23,8,20,32.17,62.63,0.0,70.38,50.96
23,8,21,32.34,66.32,0.0,73.41,50.96
23,8,22,33.09,63.33,0.0,69.91,50.96
23,8,23,34.63,64.17,1.0,72.31,50.96
24,1,0,25.28,72.09,2.9,51.64,76.31
24,1,1,25.46,74.97,0.0,48.28,76.31
24,1,2,26.45,72.37,0.0,50.21,76.31
24,1,3,26.08,74.58,1.0,49.82,76.31
24,1,4,26.12,75.21,0.0,49.61,76.31
24,1,5,25.07,72.97,0.0,48.74,76.31
24,1,6,23.68,75.25,1.9,49.22,76.31
24,1,7,24.3,73.82,251.5,49.04,76.31
24,1,8,22.61,72.44,487.7,47.21,76.31
24,1,9,22.89,71.52,670.4,43.68,76.31
24,1,10,22.18,76.08,940.9,43.24,76.31
24,1,11,20.8,73.47,1059.6,42.54,76.31
24,1,12,20.36,72.01,1266.9,42.26,76.31
24,1,13,21.31,73.43,1144.9,41.76,76.31
24,1,14,20.83,75.8,1267.4,41.98,76.31
24,1,15,19.97,76.41,972.4,40.45,76.31
24,1,16,20.87,72.63,839.8,38.39,76.31
24,1,17,22.11,72.94,474.9,38.25,76.31
24,1,18,22.5,71.73,403.4,42.5,76.31
24,1,19,22.34,73.49,0.2,38.86,76.31
24,1,20,24.47,75.09,0.0,40.37,76.31
24,1,21,23.95,72.14,0.0,43.22,76.31
24,1,22,25.03,75.46,0.0,43.67,76.31
24,1,23,25.13,75.57,0.0,44.21,76.31
24,2,0,23.1,83.85,1.7,48.95,38.16
24,2,1,24.16,85.04,0.6,53.31,38.16
24,2,2,24.62,86.34,0.0,53.96,38.16
24,2,3,24.21,81.91,4.9,52.32,38.16
24,2,4,24.17,83.24,4.4,51.23,38.16
24,2,5,23.27,82.55,0.7,51.83,38.16
24,2,6,22.11,84.75,0.2,51.38,38.16
24,2,7,21.31,85.28,203.6,52.29,38.16
24,2,8,21.22,86.24,460.1,50.02,38.16
24,2,9,21.42,83.62,607.0,49.55,38.16
24,2,10,19.45,83.65,808.6,49.15,38.16
24,2,11,19.03,83.87,1031.1,45.55,38.16
24,2,12,19.02,86.09,1158.8,44.02,38.16
24,2,13,19.53,86.41,1222.0,43.81,38.16
24,2,14,19.71,83.06,1051.9,42.29,38.16
24,2,15,18.77,83.64,1055.3,42.91,38.16
24,2,16,18.79,84.04,718.7,43.67,38.16
24,2,17,19.3,83.06,599.9,42.18,38.16
24,2,18,19.43,87.42,384.2,43.16,38.16
24,2,19,20.67,84.43,0.0,43.48,38.16
24,2,20,21.2,84.69,0.0,45.26,38.16
24,2,21,22.2,83.8,0.0,46.94,38.16
24,2,22,21.76,85.71,0.0,46.74,38.16
24,2,23,22.05,85.7,0.0,47.97,38.16
24,3,0,23.75,82.57,1.8,47.0,52.39
24,3,1,24.86,83.57,0.5,46.13,52.39
24,3,2,24.12,81.0,0.0,48.62,52.39
24,3,3,23.86,82.26,0.0,48.38,52.39
24,3,4,23.67,81.21,0.0,49.0,52.39
24,3,5,23.45,81.67,0.5,47.45,52.39
24,3,6,23.49,80.85,0.0,45.46,52.39
24,3,7,22.08,79.8,331.5,47.93,52.39
24,3,8,21.93,82.36,403.3,44.54,52.39
24,3,9,21.58,84.47,684.4,43.76,52.39
24,3,10,20.83,81.27,923.4,45.27,52.39
24,3,11,19.16,83.56,1146.1,41.89,52.39
24,3,12,18.64,81.23,1261.2,38.61,52.39
24,3,13,18.92,83.13,1327.6,37.61,52.39
24,3,14,19.42,84.86,1200.0,37.35,52.39
24,3,15,18.69,82.24,1010.4,38.44,52.39
24,3,16,19.27,82.18,783.0,37.55,52.39
24,3,17,19.4,81.45,660.5,40.61,52.39
24,3,18,20.43,84.3,396.1,39.18,52.39
24,3,19,20.07,81.92,0.0,38.01,52.39
24,3,20,20.79,83.05,0.6,38.99,52.39
24,3,21,21.88,84.06,0.0,42.2,52.39
24,3,22,22.83,83.08,0.0,43.38,52.39
24,3,23,23.58,82.66,0.2,45.05,52.39
24,4,0,24.4,77.43,0.0,54.91,68.11
24,4,1,24.21,79.48,0.0,54.49,68.11
24,4,2,25.12,77.14,1.8,59.21,68.11
24,4,3,24.31,78.99,3.8,55.69,68.11
24,4,4,23.99,76.48,0.0,59.58,68.11
24,4,5,23.45,76.78,0.0,57.01,68.11
24,4,6,24.38,79.15,0.8,57.29,68.11
24,4,7,22.88,75.95,405.9,57.53,68.11
24,4,8,22.04,76.09,449.5,55.02,68.11
24,4,9,21.19,78.12,707.0,51.88,68.11
24,4,10,19.96,77.9,835.4,51.49,68.11
24,4,11,19.74,74.55,1132.8,50.54,68.11
24,4,12,19.2,79.54,1088.3,48.22,68.11
24,4,13,18.95,74.37,1408.5,51.85,68.11
24,4,14,18.8,78.31,1211.9,50.17,68.11
24,4,15,19.19,77.06,1082.3,49.06,68.11
24,4,16,19.59,75.0,717.6,44.24,68.11
24,4,17,20.35,76.73,557.1,47.15,68.11
24,4,18,19.96,76.88,383.8,46.38,68.11
24,4,19,21.19,75.44,0.0,46.78,68.11
24,4,20,21.79,78.85,0.0,48.49,68.11
24,4,21,22.33,76.13,3.6,52.83,68.11
24,4,22,23.24,75.45,0.0,50.65,68.11
24,4,23,22.9,77.52,2.7,52.75,68.11
24,5,0,25.01,89.58,1.8,49.52,38.62
24,5,1,24.26,89.94,0.0,49.93,38.62
24,5,2,25.18,90.32,3.5,49.53,38.62
24,5,3,22.84,89.3,0.0,49.14,38.62
24,5,4,24.63,87.99,1.2,54.57,38.62
24,5,5,22.97,89.65,2.7,50.76,38.62
24,5,6,23.13,90.96,0.3,50.21,38.62
24,5,7,21.91,88.35,322.0,49.1,38.62
24,5,8,22.18,92.38,385.7,50.16,38.62
24,5,9,21.89,88.71,752.9,48.69,38.62
24,5,10,20.67,88.86,1029.9,45.55,38.62
24,5,11,19.94,89.9,1147.2,43.78,38.62
24,5,12,18.56,90.43,1219.4,43.45,38.62
24,5,13,19.17,87.75,1341.7,43.2,38.62
24,5,14,19.18,90.79,1211.0,40.42,38.62
24,5,15,19.48,90.41,963.1,41.53,38.62
24,5,16,19.36,90.27,804.1,44.03,38.62
24,5,17,19.1,91.12,531.9,43.44,38.62
24,5,18,21.0,90.29,384.8,44.05,38.62
24,5,19,21.36,91.88,0.0,42.24,38.62
24,5,20,21.01,89.7,0.0,43.84,38.62
24,5,21,22.54,90.77,0.0,45.78,38.62
24,5,22,23.38,88.8,1.9,45.63,38.62
24,5,23,24.26,90.25,0.1,45.16,38.62
24,6,0,24.77,90.21,0.0,44.68,33.67
24,6,1,24.41,93.8,0.2,42.84,33.67
24,6,2,24.74,90.18,4.8,44.14,33.67
24,6,3,24.84,89.79,1.0,45.18,33.67
24,6,4,24.05,90.3,0.0,45.25,33.67
24,6,5,23.91,92.37,0.0,44.26,33.67
24,6,6,23.37,90.68,0.0,47.9,33.67
24,6,7,23.37,92.74,309.0,41.53,33.67
24,6,8,22.98,89.3,409.5,43.87,33.67
24,6,9,22.19,92.18,734.2,41.96,33.67
24,6,10,20.66,91.11,900.6,42.47,33.67
24,6,11,20.67,91.48,952.6,40.03,33.67
24,6,12,19.76,90.85,1194.8,36.65,33.67
24,6,13,19.77,90.06,1301.5,36.59,33.67
24,6,14,20.15,92.1,1192.8,36.48,33.67
24,6,15,19.96,91.18,1008.4,37.87,33.67
24,6,16,20.53,88.72,699.4,34.96,33.67
24,6,17,19.5,90.5,576.9,36.27,33.67
24,6,18,20.56,92.29,354.3,37.32,33.67
24,6,19,22.07,90.41,4.1,36.93,33.67
24,6,20,23.22,89.13,1.0,37.67,33.67
24,6,21,23.49,89.88,0.6,38.87,33.67
24,6,22,24.07,89.61,3.4,39.64,33.67
24,6,23,23.51,92.02,0.0,42.42,33.67
24,7,0,25.75,92.13,0.0,51.5,26.02
24,7,1,25.4,93.35,0.0,48.82,26.02
24,7,2,25.97,94.09,1.8,52.08,26.02
24,7,3,25.11,93.73,1.7,52.89,26.02
24,7,4,25.59,92.21,0.0,53.31,26.02
24,7,5,25.36,94.03,3.5,51.22,26.02
24,7,6,24.24,93.99,1.2,51.52,26.02
24,7,7,24.35,93.74,215.1,51.92,26.02
24,7,8,22.63,97.9,525.9,50.99,26.02
24,7,9,22.01,95.15,740.0,45.34,26.02
24,7,10,21.72,93.76,825.6,49.73,26.02
24,7,11,21.95,94.56,1183.0,49.82,26.02
24,7,12,19.97,90.94,1284.5,45.54,26.02
24,7,13,19.42,93.6,1311.2,44.65,26.02
24,7,14,19.62,93.39,1172.7,41.19,26.02
24,7,15,20.03,91.71,1035.1,41.24,26.02
24,7,16,20.89,93.11,731.6,43.85,26.02
24,7,17,20.39,94.14,492.2,42.75,26.02
24,7,18,21.6,92.01,265.1,44.45,26.02
24,7,19,22.06,93.98,0.7,44.96,26.02
24,7,20,23.09,93.87,0.0,43.29,26.02
24,7,21,24.47,93.72,1.9,46.6,26.02
24,7,22,24.15,93.04,4.9,48.79,26.02
24,7,23,24.48,91.24,3.9,49.46,26.02
24,8,0,24.93,88.1,0.8,46.31,28.97
24,8,1,25.22,92.0,0.0,47.59,28.97
24,8,2,25.71,89.9,0.8,46.03,28.97
24,8,3,26.0,91.73,0.7,47.16,28.97
24,8,4,25.56,92.75,3.2,47.21,28.97
24,8,5,25.14,93.03,0.0,49.96,28.97
24,8,6,24.24,89.41,0.0,45.19,28.97
24,8,7,23.47,90.7,296.1,48.61,28.97
24,8,8,22.76,90.54,446.5,42.75,28.97
24,8,9,22.39,90.71,681.7,44.02,28.97
24,8,10,21.44,88.97,908.8,42.12,28.97
24,8,11,20.82,89.42,1143.5,41.77,28.97
24,8,12,19.72,92.36,1210.1,39.99,28.97
24,8,13,20.49,92.55,1235.4,39.66,28.97
24,8,14,20.33,92.83,1179.6,39.4,28.97
24,8,15,19.63,88.67,1028.5,36.99,28.97
24,8,16,19.9,91.9,756.7,38.37,28.97
24,8,17,20.16,89.57,642.3,37.21,28.97
24,8,18,21.28,91.3,277.4,40.73,28.97
24,8,19,22.05,90.59,2.1,40.86,28.97
24,8,20,23.75,90.28,4.4,41.5,28.97
24,8,21,24.33,92.42,0.0,40.48,28.97
24,8,22,23.25,87.92,0.0,44.93,28.97
24,8,23,24.48,89.93,1.4,43.03,28.97
25,1,0,28.69,50.94,0.3,75.76,69.5
25,1,1,27.99,49.05,0.0,78.72,69.5
25,1,2,27.56,50.38,0.0,78.09,69.5
25,1,3,27.75,51.98,0.0,80.71,69.5
25,1,4,27.98,51.23,0.0,79.55,69.5
25,1,5,27.7,50.74,0.7,79.71,69.5
25,1,6,26.51,52.02,2.4,79.57,69.5
25,1,7,26.43,51.63,0.0,76.5,69.5
25,1,8,25.13,52.79,461.0,78.15,69.5
25,1,9,23.4,50.23,594.8,75.15,69.5
25,1,10,23.08,49.94,744.9,74.93,69.5
25,1,11,21.88,49.89,866.8,72.95,69.5
25,1,12,22.07,52.2,994.2,70.87,69.5
25,1,13,21.19,50.55,1093.7,70.67,69.5
25,1,14,20.69,52.32,1083.5,68.59,69.5
25,1,15,21.09,51.74,1022.2,69.99,69.5
25,1,16,22.1,53.33,877.8,67.58,69.5
25,1,17,22.13,49.87,765.4,72.33,69.5
25,1,18,23.38,52.66,493.9,70.4,69.5
25,1,19,23.18,51.27,266.4,71.07,69.5
25,1,20,24.94,54.3,1.8,72.11,69.5
25,1,21,25.83,53.89,0.0,73.39,69.5
25,1,22,26.91,50.77,0.1,71.24,69.5
25,1,23,26.91,51.9,3.1,76.0,69.5
25,2,0,27.4,70.33,0.8,83.43,86.05
25,2,1,27.23,68.84,0.0,84.37,86.05
25,2,2,28.43,71.38,0.5,84.33,86.05
25,2,3,28.04,70.1,3.1,84.46,86.05
25,2,4,26.79,69.01,0.0,84.7,86.05
25,2,5,26.6,69.22,0.0,87.55,86.05
25,2,6,24.91,71.17,0.1,88.61,86.05
25,2,7,25.33,69.53,0.0,86.9,86.05
25,2,8,23.1,70.57,298.5,83.09,86.05
25,2,9,23.02,70.57,493.3,82.61,86.05
25,2,10,22.13,70.42,620.9,81.11,86.05
25,2,11,20.77,69.11,831.0,79.63,86.05
25,2,12,20.54,71.66,981.2,78.9,86.05
25,2,13,20.19,69.37,1105.1,79.07,86.05
25,2,14,20.1,70.62,1064.8,79.73,86.05
25,2,15,19.81,67.78,1065.5,76.1,86.05
25,2,16,20.37,69.47,966.2,76.64,86.05
25,2,17,21.4,70.53,685.9,78.37,86.05
25,2,18,21.8,68.1,528.3,77.52,86.05
25,2,19,22.9,70.99,294.9,77.6,86.05
25,2,20,23.77,69.4,2.4,76.49,86.05
25,2,21,26.01,71.6,0.0,79.48,86.05
25,2,22,25.67,70.87,0.0,81.15,86.05
25,2,23,26.49,69.18,0.0,83.78,86.05
25,3,0,26.51,67.63,0.0,74.95,85.79
25,3,1,26.8,68.61,0.8,80.24,85.79
25,3,2,27.03,69.06,4.7,78.28,85.79
25,3,3,27.81,70.58,0.0,80.4,85.79
25,3,4,26.12,66.29,0.0,77.17,85.79
25,3,5,25.74,69.65,0.0,79.54,85.79
25,3,6,24.93,69.71,0.2,78.23,85.79
25,3,7,24.3,68.68,0.0,77.38,85.79
25,3,8,22.65,68.67,308.0,73.94,85.79
25,3,9,21.17,67.02,471.4,77.27,85.79
25,3,10,20.19,67.44,655.0,72.97,85.79
25,3,11,20.24,69.41,807.5,73.56,85.79
25,3,12,19.53,66.72,1001.1,72.55,85.79
25,3,13,19.91,70.91,1069.3,69.89,85.79
25,3,14,19.1,67.63,1171.7,70.19,85.79
25,3,15,19.23,69.41,1026.5,70.0,85.79
25,3,16,19.72,68.23,811.6,72.01,85.79
25,3,17,19.75,70.93,689.9,68.64,85.79
25,3,18,21.27,69.63,575.7,68.06,85.79
25,3,19,21.85,70.51,357.1,71.56,85.79
25,3,20,23.65,68.18,0.0,71.32,85.79
25,3,21,24.91,68.89,0.0,75.07,85.79
25,3,22,25.25,68.67,1.2,72.84,85.79
25,3,23,25.44,68.35,2.2,74.84,85.79
25,4,0,26.94,61.47,0.0,76.97,89.28
25,4,1,28.02,63.56,1.4,76.47,89.28
25,4,2,28.22,62.53,0.0,76.23,89.28
25,4,3,27.94,60.56,0.7,79.87,89.28
25,4,4,27.85,61.26,0.0,82.31,89.28
25,4,5,26.14,62.67,0.0,78.26,89.28
25,4,6,25.68,62.48,2.7,81.48,89.28
25,4,7,24.61,59.96,0.0,76.7,89.28
25,4,8,23.65,60.93,346.3,74.13,89.28
25,4,9,22.4,60.36,533.9,74.56,89.28
25,4,10,21.96,61.25,715.8,75.83,89.28
25,4,11,21.11,60.61,746.5,74.01,89.28
25,4,12,20.7,59.08,940.2,72.82,89.28
25,4,13,20.23,59.96,1069.0,68.65,89.28
25,4,14,20.61,59.5,1134.3,70.56,89.28
25,4,15,20.7,60.26,1021.0,67.56,89.28
25,4,16,19.47,62.34,762.4,69.6,89.28
25,4,17,21.55,62.57,633.9,67.73,89.28
25,4,18,22.1,63.46,443.0,69.4,89.28
25,4,19,22.51,62.3,384.0,69.54,89.28
25,4,20,23.01,64.96,0.0,72.82,89.28
25,4,21,24.41,62.18,1.9,74.09,89.28
25,4,22,26.55,60.96,0.0,75.28,89.28
25,4,23,26.7,61.79,0.0,76.7,89.28
25,5,0,27.64,77.21,0.0,77.27,61.96
25,5,1,25.71,75.28,1.4,80.72,61.96
25,5,2,27.6,76.61,2.6,79.61,61.96
25,5,3,27.69,75.8,0.0,79.09,61.96
25,5,4,26.23,77.36,0.0,79.22,61.96
25,5,5,26.51,76.87,1.9,81.37,61.96
25,5,6,24.99,76.49,0.3,78.72,61.96
25,5,7,23.89,75.35,4.1,78.69,61.96
25,5,8,24.06,75.67,355.3,79.62,61.96
25,5,9,22.93,76.96,544.5,77.63,61.96
25,5,10,22.38,73.94,677.1,76.19,61.96
25,5,11,20.27,77.24,766.7,73.49,61.96
25,5,12,19.12,78.71,996.0,76.52,61.96
25,5,13,20.14,77.05,1068.3,70.66,61.96
25,5,14,19.87,76.27,1029.5,69.16,61.96
25,5,15,19.26,79.11,1140.9,71.25,61.96
25,5,16,20.2,75.87,809.8,72.83,61.96
25,5,17,21.67,75.03,666.3,70.27,61.96
25,5,18,21.32,78.15,406.8,72.14,61.96
25,5,19,22.82,76.16,365.3,72.46,61.96
25,5,20,24.05,74.09,0.0,73.16,61.96
25,5,21,23.1,74.75,0.0,75.9,61.96
25,5,22,25.01,75.15,1.6,73.34,61.96
25,5,23,25.12,75.83,0.0,74.95,61.96
25,6,0,26.37,77.9,1.4,80.3,77.19
25,6,1,27.4,75.49,3.0,79.44,77.19
25,6,2,28.45,77.92,0.0,81.49,77.19
25,6,3,28.13,77.49,0.0,78.72,77.19
25,6,4,26.96,78.58,0.0,82.59,77.19
25,6,5,26.58,78.48,0.0,79.27,77.19
25,6,6,25.54,80.16,0.0,80.71,77.19
25,6,7,25.92,78.01,1.7,79.14,77.19
25,6,8,24.44,79.36,333.8,78.94,77.19
25,6,9,23.14,74.93,528.5,76.59,77.19
25,6,10,21.8,79.34,718.8,74.14,77.19
25,6,11,20.67,78.32,752.8,77.41,77.19
25,6,12,20.59,79.48,967.4,73.09,77.19
25,6,13,20.67,76.92,1031.8,73.88,77.19
25,6,14,19.22,79.53,1114.4,70.91,77.19
25,6,15,20.72,79.11,1017.8,75.15,77.19
25,6,16,21.66,77.85,921.2,73.53,77.19
25,6,17,20.57,77.79,632.9,70.51,77.19
25,6,18,22.0,77.66,390.1,72.76,77.19
25,6,19,22.73,79.46,380.3,71.75,77.19
25,6,20,24.51,78.17,0.0,73.3,77.19
25,6,21,24.27,75.54,0.0,75.31,77.19
25,6,22,24.74,76.06,1.3,78.81,77.19
25,6,23,25.99,78.28,0.0,77.09,77.19
25,7,0,27.5,94.1,1.6,84.89,28.7
25,7,1,28.54,95.85,2.0,86.32,28.7
25,7,2,27.73,94.25,0.0,88.15,28.7
25,7,3,28.94,96.83,1.8,86.09,28.7
25,7,4,28.5,95.14,0.0,88.95,28.7
25,7,5,27.08,91.58,0.0,87.39,28.7
25,7,6,26.34,92.9,1.5,87.77,28.7
25,7,7,24.75,98.45,0.0,85.51,28.7
25,7,8,24.67,93.82,386.8,84.89,28.7
25,7,9,23.02,95.42,306.3,84.75,28.7
25,7,10,23.21,91.04,635.2,80.19,28.7
25,7,11,21.77,97.87,862.5,81.04,28.7
25,7,12,19.74,92.84,1001.5,80.3,28.7
25,7,13,20.95,95.65,1050.5,79.18,28.7
25,7,14,20.4,93.09,1055.5,79.14,28.7
25,7,15,19.49,91.72,1194.0,76.83,28.7
25,7,16,21.89,94.4,830.6,78.64,28.7
25,7,17,21.81,94.23,668.4,78.42,28.7
25,7,18,22.22,93.78,425.5,76.52,28.7
25,7,19,24.41,93.14,371.2,78.59,28.7
25,7,20,24.75,94.5,0.0,80.2,28.7
25,7,21,25.77,93.07,4.6,82.58,28.7
25,7,22,26.81,95.89,0.0,83.72,28.7
25,7,23,28.33,95.64,0.0,82.28,28.7
25,8,0,27.88,92.37,0.0,78.79,26.04
25,8,1,28.37,91.76,0.0,82.17,26.04
25,8,2,27.6,91.98,0.5,82.15,26.04
25,8,3,29.01,92.66,1.2,80.23,26.04
25,8,4,27.04,91.14,0.0,83.94,26.04
25,8,5,27.38,93.29,0.0,82.2,26.04
25,8,6,26.62,95.88,0.3,84.05,26.04
25,8,7,25.31,93.9,0.0,81.12,26.04
25,8,8,24.35,94.59,260.2,77.76,26.04
25,8,9,22.91,94.29,379.6,77.84,26.04
25,8,10,22.31,92.6,690.8,76.47,26.04
25,8,11,21.28,94.56,783.3,79.23,26.04
25,8,12,20.3,94.04,988.2,74.1,26.04
25,8,13,20.2,93.59,1100.6,76.46,26.04
25,8,14,21.03,91.0,1034.1,72.03,26.04
25,8,15,20.0,94.43,1048.8,72.67,26.04
25,8,16,20.82,94.88,968.2,73.7,26.04
25,8,17,20.11,93.22,723.0,73.82,26.04
25,8,18,22.6,93.31,411.1,72.65,26.04
25,8,19,23.0,94.37,272.8,75.46,26.04
25,8,20,24.3,95.15,0.0,73.18,26.04
25,8,21,25.47,95.98,1.4,75.84,26.04
25,8,22,25.53,91.34,4.0,77.82,26.04
25,8,23,26.53,92.53,0.0,81.96,26.04
